filename,rows
تحفة المحتاج في شرح المنهاج.txt,49538
المبسوط.txt,47372
رد المحتار.txt,39388
نهاية المحتاج إلى شرح المنهاج.txt,39246
فتح القدير.txt,38521
البحر الرائق شرح كنز الدقائق.txt,37207
أسنى المطالب.txt,32489
الفتاوى الهندية.txt,31017
شرح مختصر خليل للخرشي.txt,29043
حاشية الدسوقي على الشرح الكبير.txt,28773
مسند أحمد.txt,28559
بدائع الصنائع في ترتيب الشرائع.txt,27793
منح الجليل شرح مختصر خليل.txt,26388
مغني المحتاج إلى معرفة ألفاظ المنهاج.txt,24275
شرح البهجة الوردية.txt,23977
تبيين الحقائق شرح كنز الدقائق.txt,23934
العناية شرح الهداية.txt,21622
السنن الكبرى للبيهقي وفي ذيله الجوهر النقي.txt,21028
درر الحكام في شرح مجلة الأحكام.txt,20746
الإنصاف..txt,20526
حاشيتا قليوبي وعميرة.txt,20406
كشاف القناع عن متن الإقناع.txt,20372
مطالب أولي النهى في شرح غاية المنتهى.txt,19768
المنتقى شرح الموطأ.txt,17975
المدونة..txt,16012
حاشية البجيرمي على الخطيب.txt,14355
حاشية الصاوي على الشرح الصغير.txt,14306
التاج والإكليل لمختصر خليل.txt,13453
أنوار البروق في أنواع الفروق.txt,12774
شرح منتهى الإرادات.txt,12450
الفروع لابن مفلح.txt,12354
طرح التثريب.txt,12096
درر الحكام شرح غرر الأحكام.txt,11654
مجمع الأنهر في شرح ملتقى الأبحر.txt,11411
حاشية العدوي على شرح كفاية الطالب الرباني.txt,11254
البحر المحيط.txt,11014
الفتاوى الفقهية الكبرى.txt,10898
التقرير والتحبير.txt,10520
الفواكه الدواني على رسالة ابن أبي زيد القيرواني.txt,10436
بريقة محمودية في شرح طريقة محمدية وشريعة نبوية.txt,9111
حاشية العطار على شرح الجلال المحلي على جمع الجوامع.txt,8989
غمز عيون البصائر في شرح الأشباه والنظائر.txt,8260
أحكام القرآن لابن العربي.txt,8047
فتاوى السبكي.txt,7370
الجوهرة النيرة.txt,7074
شرح السير الكبير.txt,6971
المدخل للعبدري.txt,6746
مشكل الآثار.txt,6644
تنقيح الفتاوى الحامدية.txt,6227
المحلى.txt,6162
التلخيص الحبير في تخريج أحاديث الرافعي الكبير.txt,5972
تاريخ الإسلام 1 و 2 المشكول.txt,5899
الآداب الشرعية.txt,5793
شرح ميارة.txt,5486
تفسير ابن أبي حاتم.txt,5377
غذاء الألباب في شرح منظومة الآداب.txt,5098
الزواجر عن اقتراف الكبائر.txt,4646
تبصرة الحكام في أصول الأقضية ومناهج الأحكام.txt,4541
فتاوى الرملي.txt,4149
مجمع الضمانات.txt,4055
القواعد لابن رجب.txt,3354
الاعتصام..txt,3065
شرح حدود ابن عرفة.txt,2195
معين الحكام فيما يتردد بين الخصمين من الأحكام.txt,2091
موطأ مالك.txt,2090
الأشباه والنظائر.txt,2060
صحيح مسلم.txt,1983
مستخرج أبي عوانة.txt,1982
الأحكام السلطانية.txt,1728
أدب الدنيا والدين.txt,1346
u05.txt,1051
معالم القربة في طلب الحسبة.txt,896
إتحاف المهرة لابن حجر.txt,850
u12.txt,760
u07.txt,595
الروض الأنف.txt,562
المعالم الجغرافية الواردة في السيرة النبوية.htm.txt,504
u10.txt,485
صحيفة السجادية.txt,452
u04.txt,418
سيرة ابن هشام.txt,416
الآحاد والمثاني.txt,415
u02.txt,408
تقريب الأسانيد وترتيب المسانيد.txt,401
u11.txt,380
u09.txt,365
طلبة الطلبة.txt,361
الطرق الحكمية.txt,359
شرح مختصر في أصول العقائد الدينية.txt,326
u01.txt,322
u03.txt,309
u06.txt,290
كشف الأسرار.txt,263
نهاية الرتبة الظريفة في طلب الحسبة الشريفة.txt,246
مغازي الواقدي.txt,227
أحكام القرآن للجصاص.txt,183
u08.txt,170
aljazeera.txt,152
كتاب الأم للشافعي.txt,131
خطب بوجلة.txt,128
نيل الأوتار.txt,117
نصب الراية.txt,81
إعلام الموقعين عن رب العالمين.txt,75
aljazeera-2016-12-29.b.txt,64
السياسة الشرعية.txt,48
أخلاق حملة القرأن.txt,37
S01.xml.txt,23
مَذْبَحَةُ_الْحُولَةِ_وَأَخَوَاتُهَا_-مشكولة.txt,22
S03.xml.txt,21
S04.xml.txt,19
لنكن إيجابيين.txt,18
حاشية السيوطي والسندي على سنن النسائي.txt,17
ليلى تعرف طريقها.txt,17
مبعث النبى صلى الله عليه وسلم.txt,15
خطب الجمعة.txt,15
دعوات فتح الله.txt,12
حاشية السندي على ابن ماجه.txt,11
كل مستوف أكله.txt,11
فضائل مجالس الذكر .txt,10
كُلَّ-الأَشْيَاءِ-تَعْمَلُ-مَعًا-لِلْخَيْرِ-لِلَّذِينَ-يُحِبُّونَ-اللهَ-مَثَل-يوسف.htm.txt,10
رجل-الصبر-يوسف.htm.txt,9
دعاء ياعدتي في كربتي.txt,8
داود-وجليات.htm.txt,6
خطبة 01.txt,5
الفلوس تغير النفوس.txt,5
السعادة المفقودة.txt,5
الأصول الستة.txt,5
S02.xml.txt,5
من سار على الدرب وصل.txt,4
الزاهد.txt,4
نجعة الرائد.txt,4
السبـاق-والجهـاد-والحـرب.htm.txt,4
فَتَعْلَمُ-أَنِّي-أَنَا-الرَّبُّ.htm.txt,4
الورقات في أصول الفقه.txt,3
خطبة 02.txt,3
الغفران-غير-المحدود-ومثل-المدين-بعشرة-آلاف-وزنة.htm.txt,3
جدعون-دراسة-للكتاب-المقدس-قضاة-6-و-7.htm.txt,3
مثل-الابن-الضال.htm.txt,3
الإِيمَاءَ-بِالأصْبُعِ.htm.txt,3
نخبة الفكر.txt,2
خطبة 04.txt,2
خطبة 03.txt,2
قصة نافع بن الأزرق.txt,2
الترتيب المعجمي.txt,2
الطريقة المحمدية.txt,2
مجرب في كل شيء مثلنا.txt,2
الأصول الثلاثة.txt,2
myContrib.txt,2
مثل-الزارع.htm.txt,2
طريق-بلعام.htm.txt,2
في-كُورَةِ-الْجِرْجَسِيِّينَ.htm.txt,2
مُجَرَّبٌ-فِي-كُلِّ-شَيْءٍ-مِثْلُنَا.htm.txt,2
دراسة-كتابية-في-سفر-أستير.htm.txt,2
هو-حي-الآن.htm.txt,2
الشهوات-التجارب-والخطية.htm.txt,2
الثمار-هي-كل-ما-تدور-حوله-الحياة-المسيحية.htm.txt,2
الكنيسة-تعريفها-رأسها-وأعضائها.htm.txt,2
يونان.htm.txt,2
ألقها-على-الرب.htm.txt,2
ليس-بعيداً.htm.txt,2
وهيب وهبة: علبة من ذهب.txt,1
أهمية الجوال.txt,1
ارتشف قهوتك.txt,1
زيارة العقيلة.txt,1
هل للحب لغة.txt,1
لا تسأل الناس شيئا.txt,1
الرسالة المفيدة.txt,1
kitap_4_3.htm.txt,1
kitap_2_2.htm.txt,1
kitap_2_8.htm.txt,1
أعمال-الرسل-16_6-40.htm.txt,1
من-كان-هو-باراباس.htm.txt,1
يسوع-والصلاة.htm.txt,1
حقلي-الدم.htm.txt,1
لاَ-تَخَافَا-أَنْتُمَا.htm.txt,1
عقاب-الله.htm.txt,1
بولس-وفليمون.htm.txt,1
جَرِّبُوا-أَنْفُسَكُمْ،-هَلْ-أَنْتُمْ-فِي-الإِيمَانِ.htm.txt,1
الصبر.htm.txt,1
ماذا-يعني-أن-تحب-الله-من-كل-قلبك.htm.txt,1
سبحوا-الرب.htm.txt,1
أنت-حر-الآن.htm.txt,1
الآبَ-نَفْسَهُ-يُحِبُّكُمْ.htm.txt,1
يوحنا-المعمدان.htm.txt,1
من-الذي-له-مفاتيح-الموت.htm.txt,1
بعض-الأشياء-التي-تحدث-عندما-يسبح-الناس-الرب.htm.txt,1
يَنْبَغِي-أَنْ-يُصَلَّى-كُلَّ-حِينٍ-وَلاَ-يُمَلَّ.htm.txt,1
أنت-معروف.htm.txt,1
طاعة-الله.htm.txt,1
مثال-الزارع-والتي-زرعت-بين-الشوك.htm.txt,1
وقف-الرب-معه.htm.txt,1
الْمَحَبَّةُ-لاَ-تَظُنُّ-السُّؤَ.htm.txt,1
مخلصنا-قام.htm.txt,1
حزن-قلب-الله-لأجل-خطية-شعبه.htm.txt,1
حـقـائـق-الإيـمـــان.htm.txt,1
لاَ-تُحِبُّوا-الْعَالَمَ.htm.txt,1
دروس-من-رد-فعل-داود-في-أثناء-الهجوم-على-صِقْلَغَ.htm.txt,1
الذئاب-والخراف-في-كنيسة-الله.htm.txt,1
العدو-المعركة-والمنتصرين.htm.txt,1
كُلَّ-الأَشْيَاءِ-تَعْمَلُ-مَعًا-لِلْخَيْرِ-لِلَّذِينَ-يُحِبُّونَ-اللهَ.htm.txt,1
