loss,grad_norm,learning_rate,epoch,step,eval_loss,eval_runtime,eval_samples_per_second,eval_steps_per_second,train_runtime,train_samples_per_second,train_steps_per_second,total_flos,train_loss
1.5029650688171388,20.64073371887207,7.770961145194275e-07,0.0012275869476817787,20,,,,,,,,,
0.8456544876098633,6.9651780128479,1.5950920245398775e-06,0.0024551738953635573,40,,,,,,,,,
0.3680025577545166,3.6203064918518066,2.4130879345603274e-06,0.0036827608430453364,60,,,,,,,,,
0.20788543224334716,3.3937883377075195,3.2310838445807776e-06,0.004910347790727115,80,,,,,,,,,
0.14736173152923585,5.2622151374816895,4.049079754601227e-06,0.006137934738408894,100,,,,,,,,,
0.12125934362411499,2.751490592956543,4.8670756646216775e-06,0.007365521686090673,120,,,,,,,,,
0.10341095924377441,3.2540643215179443,5.685071574642127e-06,0.008593108633772452,140,,,,,,,,,
0.09324697256088257,2.8986451625823975,6.503067484662578e-06,0.00982069558145423,160,,,,,,,,,
0.08117402195930482,2.3600504398345947,7.321063394683027e-06,0.011048282529136009,180,,,,,,,,,
0.07564296126365662,4.13340425491333,8.139059304703476e-06,0.012275869476817788,200,,,,,,,,,
0.07564846873283386,2.0651490688323975,8.957055214723927e-06,0.013503456424499566,220,,,,,,,,,
0.06685462594032288,2.438492774963379,9.775051124744377e-06,0.014731043372181346,240,,,,,,,,,
0.06982390880584717,2.0685205459594727,1.0593047034764828e-05,0.015958630319863124,260,,,,,,,,,
0.06282374858856202,1.683115005493164,1.1411042944785277e-05,0.017186217267544903,280,,,,,,,,,
0.061682379245758055,3.076829671859741,1.2229038854805726e-05,0.018413804215226683,300,,,,,,,,,
0.06218939423561096,1.7440720796585083,1.3047034764826176e-05,0.01964139116290846,320,,,,,,,,,
0.057518744468688966,2.5504422187805176,1.3865030674846627e-05,0.020868978110590238,340,,,,,,,,,
0.05859469771385193,1.5188839435577393,1.4683026584867078e-05,0.022096565058272018,360,,,,,,,,,
0.0557233452796936,1.4152121543884277,1.5501022494887527e-05,0.023324152005953797,380,,,,,,,,,
0.05409796833992005,2.3041415214538574,1.6319018404907976e-05,0.024551738953635577,400,,,,,,,,,
0.054337477684020995,1.0970948934555054,1.7137014314928426e-05,0.025779325901317353,420,,,,,,,,,
0.052640902996063235,1.6473634243011475,1.795501022494888e-05,0.027006912848999132,440,,,,,,,,,
0.056198179721832275,1.8635402917861938,1.8773006134969328e-05,0.028234499796680912,460,,,,,,,,,
0.05214788913726807,1.185825228691101,1.9591002044989777e-05,0.02946208674436269,480,,,,,,,,,
0.04930413961410522,2.6213366985321045,1.9999980242337404e-05,0.03068967369204447,500,,,,,,,,,
0.05017538070678711,1.129635214805603,1.999982218150506e-05,0.03191726063972625,520,,,,,,,,,
0.04771183729171753,1.044352412223816,1.99995060623387e-05,0.03314484758740803,540,,,,,,,,,
0.04994954168796539,0.9193804860115051,1.9999031889834946e-05,0.034372434535089806,560,,,,,,,,,
0.045654067397117616,1.1205799579620361,1.9998399671488614e-05,0.03560002148277158,580,,,,,,,,,
0.04399495422840118,1.87783682346344,1.999760941729262e-05,0.036827608430453365,600,,,,,,,,,
0.0459821343421936,0.7478421330451965,1.9996661139737818e-05,0.03805519537813514,620,,,,,,,,,
0.04220270216464996,0.9966601729393005,1.999555485381279e-05,0.03928278232581692,640,,,,,,,,,
0.04414195716381073,0.8465628623962402,1.9994290577003613e-05,0.0405103692734987,660,,,,,,,,,
0.04121196269989014,0.8492046594619751,1.9992868329293598e-05,0.041737956221180476,680,,,,,,,,,
0.04078741371631622,1.3606445789337158,1.999128813316295e-05,0.04296554316886226,700,,,,,,,,,
0.042233806848526,0.7915967702865601,1.9989550013588434e-05,0.044193130116544035,720,,,,,,,,,
0.038786092400550844,0.7958678007125854,1.9987653998042963e-05,0.04542071706422581,740,,,,,,,,,
0.04103136956691742,0.7206619381904602,1.9985600116495173e-05,0.046648304011907595,760,,,,,,,,,
0.03895455598831177,0.7205585241317749,1.998338840140896e-05,0.04787589095958937,780,,,,,,,,,
0.03627293705940247,1.1647887229919434,1.998101888774294e-05,0.049103477907271154,800,,,,,,,,,
,,,0.04996278877064839,814,0.12439767271280289,20.719,48.265,6.033,,,,,
0.03930627703666687,0.5636062026023865,1.9978491612949918e-05,0.05033106485495293,820,,,,,,,,,
0.03531599342823029,0.7460907697677612,1.997580661697629e-05,0.051558651802634706,840,,,,,,,,,
0.036017149686813354,0.6911971569061279,1.9972963942261408e-05,0.05278623875031649,860,,,,,,,,,
0.0340349018573761,0.6026545166969299,1.9969963633736914e-05,0.054013825697998265,880,,,,,,,,,
0.03278142213821411,0.9217082262039185,1.996680573882603e-05,0.05524141264568005,900,,,,,,,,,
0.03597356677055359,0.6872869729995728,1.99634903074428e-05,0.056468999593361824,920,,,,,,,,,
0.03453536629676819,0.5765685439109802,1.9960017391991315e-05,0.0576965865410436,940,,,,,,,,,
0.03540148735046387,0.6557136178016663,1.9956387047364875e-05,0.05892417348872538,960,,,,,,,,,
0.032584276795387265,0.7164748311042786,1.9952599330945124e-05,0.06015176043640716,980,,,,,,,,,
0.03490002751350403,1.7372984886169434,1.9948654302601136e-05,0.06137934738408894,1000,,,,,,,,,
0.03456307351589203,0.6019660234451294,1.9944552024688484e-05,0.06260693433177071,1020,,,,,,,,,
0.03210235834121704,0.6723652482032776,1.9940292562048246e-05,0.0638345212794525,1040,,,,,,,,,
0.032616055011749266,0.5669705271720886,1.9935875982005965e-05,0.06506210822713428,1060,,,,,,,,,
0.03252832591533661,0.5957151055335999,1.9931302354370622e-05,0.06628969517481606,1080,,,,,,,,,
0.031188955903053282,1.375070571899414,1.9926571751433492e-05,0.06751728212249783,1100,,,,,,,,,
0.03186616599559784,0.5103814601898193,1.9921684247967027e-05,0.06874486907017961,1120,,,,,,,,,
0.03169569075107574,0.5702291131019592,1.9916639921223674e-05,0.0699724560178614,1140,,,,,,,,,
0.03166624009609222,0.5187291502952576,1.991143885093463e-05,0.07120004296554316,1160,,,,,,,,,
0.032350683212280275,0.8139129281044006,1.9906081119308613e-05,0.07242762991322495,1180,,,,,,,,,
0.02930898666381836,0.8679918050765991,1.9900566811030534e-05,0.07365521686090673,1200,,,,,,,,,
0.032644611597061154,0.4893020987510681,1.989489601326019e-05,0.0748828038085885,1220,,,,,,,,,
0.030202850699424744,0.4981522262096405,1.9889068815630856e-05,0.07611039075627028,1240,,,,,,,,,
0.03124033510684967,0.6110883355140686,1.9883085310247886e-05,0.07733797770395207,1260,,,,,,,,,
0.030603033304214478,0.5399128198623657,1.9876945591687248e-05,0.07856556465163383,1280,,,,,,,,,
0.0291535884141922,0.7586383819580078,1.987064975699404e-05,0.07979315159931562,1300,,,,,,,,,
0.029856178164482116,0.439515084028244,1.9864197905680943e-05,0.0810207385469974,1320,,,,,,,,,
0.028786087036132814,0.5865072011947632,1.9857590139726657e-05,0.08224832549467918,1340,,,,,,,,,
0.029660001397132874,0.4299392104148865,1.985082656357429e-05,0.08347591244236095,1360,,,,,,,,,
0.02968795895576477,0.5901150107383728,1.9843907284129698e-05,0.08470349939004274,1380,,,,,,,,,
0.02924174964427948,0.9143004417419434,1.983683241075981e-05,0.08593108633772452,1400,,,,,,,,,
0.03108961582183838,0.4615071415901184,1.982960205529087e-05,0.08715867328540629,1420,,,,,,,,,
0.02871059477329254,0.5277806520462036,1.9822216332006722e-05,0.08838626023308807,1440,,,,,,,,,
0.02858767509460449,0.49739527702331543,1.9814675357646943e-05,0.08961384718076985,1460,,,,,,,,,
0.028696307539939882,0.43791908025741577,1.980697925140504e-05,0.09084143412845162,1480,,,,,,,,,
0.02786339819431305,1.1445335149765015,1.979912813492655e-05,0.0920690210761334,1500,,,,,,,,,
0.02938370406627655,0.4438138008117676,1.9791122132307113e-05,0.09329660802381519,1520,,,,,,,,,
0.02883622944355011,0.5592858791351318,1.9782961370090525e-05,0.09452419497149697,1540,,,,,,,,,
0.02826995253562927,0.4465271532535553,1.9774645977266735e-05,0.09575178191917874,1560,,,,,,,,,
0.02852209806442261,0.5031745433807373,1.9766176085269785e-05,0.09697936886686052,1580,,,,,,,,,
0.026869314908981323,1.1127954721450806,1.9757551827975764e-05,0.09820695581454231,1600,,,,,,,,,
0.028204652667045593,0.4390074908733368,1.9748773341700666e-05,0.09943454276222408,1620,,,,,,,,,
,,,0.09992557754129679,1628,0.1469566971063614,12.1515,82.294,10.287,,,,,
0.027183517813682556,0.5399538278579712,1.9739840765198245e-05,0.10066212970990586,1640,,,,,,,,,
0.028646454215049744,0.4546639621257782,1.973075423965784e-05,0.10188971665758764,1660,,,,,,,,,
0.028660693764686586,0.39414939284324646,1.9721513908702102e-05,0.10311730360526941,1680,,,,,,,,,
0.025961071252822876,0.8241885304450989,1.971211991838477e-05,0.1043448905529512,1700,,,,,,,,,
0.02871061861515045,0.473548024892807,1.970257241718832e-05,0.10557247750063298,1720,,,,,,,,,
0.02604111433029175,0.42349350452423096,1.969287155602166e-05,0.10680006444831475,1740,,,,,,,,,
0.027171024680137636,0.4090087115764618,1.96830174882177e-05,0.10802765139599653,1760,,,,,,,,,
0.02610125541687012,0.42057788372039795,1.967301036953097e-05,0.10925523834367831,1780,,,,,,,,,
0.025628042221069337,0.7369340062141418,1.9662850358135136e-05,0.1104828252913601,1800,,,,,,,,,
0.028943726420402528,0.4180162250995636,1.9652537614620493e-05,0.11171041223904186,1820,,,,,,,,,
0.025715237855911253,0.8957374095916748,1.9642072301991453e-05,0.11293799918672365,1840,,,,,,,,,
0.02680528163909912,0.3755607008934021,1.9631454585663944e-05,0.11416558613440543,1860,,,,,,,,,
0.025687310099601745,0.5129435658454895,1.96206846334628e-05,0.1153931730820872,1880,,,,,,,,,
0.025761029124259947,0.7636386752128601,1.9609762615619127e-05,0.11662076002976898,1900,,,,,,,,,
0.027360066771507263,0.4437292218208313,1.9598688704767587e-05,0.11784834697745077,1920,,,,,,,,,
0.025210642814636232,0.554990828037262,1.9587463075943674e-05,0.11907593392513253,1940,,,,,,,,,
0.027349898219108583,0.5117451548576355,1.957608590658097e-05,0.12030352087281432,1960,,,,,,,,,
0.027240970730781557,0.4146284759044647,1.9564557376508315e-05,0.1215311078204961,1980,,,,,,,,,
0.025440400838851927,0.8236892223358154,1.9552877667946974e-05,0.12275869476817788,2000,,,,,,,,,
0.0265847384929657,0.42626941204071045,1.9541046965507758e-05,0.12398628171585965,2020,,,,,,,,,
0.024778787791728974,0.3620813190937042,1.9529065456188107e-05,0.12521386866354142,2040,,,,,,,,,
0.02566504180431366,0.4149569571018219,1.951693332936912e-05,0.12644145561122322,2060,,,,,,,,,
0.02595994770526886,0.38437244296073914,1.9504650776812594e-05,0.127669042558905,2080,,,,,,,,,
0.02341800034046173,0.6053943634033203,1.9492217992657948e-05,0.12889662950658679,2100,,,,,,,,,
0.025722786784172058,0.39218869805336,1.94796351734192e-05,0.13012421645426855,2120,,,,,,,,,
0.025176122784614563,0.6417775750160217,1.946690251798183e-05,0.13135180340195032,2140,,,,,,,,,
0.025227394700050355,0.4127885103225708,1.9454020227599645e-05,0.13257939034963212,2160,,,,,,,,,
0.025329846143722533,0.5344570875167847,1.9440988505891603e-05,0.1338069772973139,2180,,,,,,,,,
0.023673906922340393,0.7762982249259949,1.9427807558838586e-05,0.13503456424499566,2200,,,,,,,,,
0.026008573174476624,0.32268932461738586,1.9414477594780158e-05,0.13626215119267746,2220,,,,,,,,,
0.02597324252128601,0.4355349540710449,1.9400998824411253e-05,0.13748973814035922,2240,,,,,,,,,
0.02573520541191101,0.41577956080436707,1.9387371460778856e-05,0.138717325088041,2260,,,,,,,,,
0.025146940350532533,0.39370986819267273,1.937359571927864e-05,0.1399449120357228,2280,,,,,,,,,
0.02406785190105438,0.7889187335968018,1.9359671817651554e-05,0.14117249898340456,2300,,,,,,,,,
0.024928487837314606,0.4051312804222107,1.9345599975980375e-05,0.14240008593108633,2320,,,,,,,,,
0.024698130786418915,0.4913916289806366,1.9331380416686242e-05,0.14362767287876813,2340,,,,,,,,,
0.026909464597702028,0.3313239812850952,1.9317013364525142e-05,0.1448552598264499,2360,,,,,,,,,
0.02506451904773712,0.39524710178375244,1.930249904658435e-05,0.14608284677413166,2380,,,,,,,,,
0.023961085081100463,0.8967788815498352,1.9287837692278825e-05,0.14731043372181346,2400,,,,,,,,,
0.024115157127380372,0.43810269236564636,1.9273029533347623e-05,0.14853802066949523,2420,,,,,,,,,
0.02443380802869797,0.42617103457450867,1.9258074803850188e-05,0.149765607617177,2440,,,,,,,,,
,,,0.1498883663119452,2442,0.11729021370410919,12.2785,81.443,10.18,,,,,
0.02596638798713684,0.3907022476196289,1.9242973740162697e-05,0.1509931945648588,2460,,,,,,,,,
0.02543516457080841,0.3605169951915741,1.9227726580974284e-05,0.15222078151254056,2480,,,,,,,,,
0.02355053722858429,0.5259703397750854,1.9212333567283294e-05,0.15344836846022233,2500,,,,,,,,,
0.024800387024879456,0.3394240140914917,1.9196794942393464e-05,0.15467595540790413,2520,,,,,,,,,
0.02398403137922287,0.34326761960983276,1.918111095191008e-05,0.1559035423555859,2540,,,,,,,,,
0.025626367330551146,0.3507259786128998,1.9165281843736084e-05,0.15713112930326767,2560,,,,,,,,,
0.02347573935985565,0.3111984133720398,1.914930786806818e-05,0.15835871625094947,2580,,,,,,,,,
0.024035458266735078,0.7224880456924438,1.9133189277392846e-05,0.15958630319863124,2600,,,,,,,,,
0.024171380698680876,0.39635443687438965,1.9116926326482383e-05,0.16081389014631303,2620,,,,,,,,,
0.023380060493946076,0.3638651967048645,1.9100519272390844e-05,0.1620414770939948,2640,,,,,,,,,
0.024918001890182496,0.35260406136512756,1.908396837445001e-05,0.16326906404167657,2660,,,,,,,,,
0.0246272549033165,0.32405024766921997,1.906727389426527e-05,0.16449665098935837,2680,,,,,,,,,
0.023607665300369264,0.8391127586364746,1.9050436095711482e-05,0.16572423793704014,2700,,,,,,,,,
0.025435474514961243,0.3894825577735901,1.903345524492882e-05,0.1669518248847219,2720,,,,,,,,,
0.02352273166179657,0.3646831214427948,1.901633161031856e-05,0.1681794118324037,2740,,,,,,,,,
0.02386656254529953,0.30676183104515076,1.8999065462538824e-05,0.16940699878008547,2760,,,,,,,,,
0.024275609850883485,0.3330654799938202,1.8981657074500323e-05,0.17063458572776724,2780,,,,,,,,,
0.022453030943870543,0.8551478981971741,1.896410672136203e-05,0.17186217267544904,2800,,,,,,,,,
0.02475419342517853,0.3445940911769867,1.894641468052684e-05,0.1730897596231308,2820,,,,,,,,,
0.023163425922393798,0.3058325946331024,1.8928581231637167e-05,0.17431734657081258,2840,,,,,,,,,
0.02373959422111511,0.6544308662414551,1.8910606656570553e-05,0.17554493351849437,2860,,,,,,,,,
0.023062199354171753,0.35963135957717896,1.8892491239435185e-05,0.17677252046617614,2880,,,,,,,,,
0.023088127374649048,0.5143865942955017,1.887423526656542e-05,0.1780001074138579,2900,,,,,,,,,
0.024238179624080657,0.35423070192337036,1.8855839026517257e-05,0.1792276943615397,2920,,,,,,,,,
0.022814418375492095,0.3915329575538635,1.8837302810063773e-05,0.18045528130922148,2940,,,,,,,,,
0.023969167470932008,0.463552325963974,1.8818626910190523e-05,0.18168286825690325,2960,,,,,,,,,
0.023023049533367156,0.30708104372024536,1.879981162209092e-05,0.18291045520458504,2980,,,,,,,,,
0.023005151748657228,0.5933746099472046,1.878085724316156e-05,0.1841380421522668,3000,,,,,,,,,
0.024081411957740783,0.4658631682395935,1.876176407299753e-05,0.18536562909994858,3020,,,,,,,,,
0.023626720905303954,0.3640952408313751,1.8742532413387657e-05,0.18659321604763038,3040,,,,,,,,,
0.0238264799118042,0.48435044288635254,1.872316256830976e-05,0.18782080299531215,3060,,,,,,,,,
0.022874774038791658,0.3454425036907196,1.870365484392582e-05,0.18904838994299394,3080,,,,,,,,,
0.021546684205532074,0.8913291096687317,1.868400954857717e-05,0.1902759768906757,3100,,,,,,,,,
0.022387970983982087,0.33587339520454407,1.8664226992779593e-05,0.19150356383835748,3120,,,,,,,,,
0.02258797436952591,0.40733540058135986,1.864430748921843e-05,0.19273115078603928,3140,,,,,,,,,
0.023329459130764008,0.3395850658416748,1.8624251352743635e-05,0.19395873773372105,3160,,,,,,,,,
0.02350296527147293,0.40573909878730774,1.86040589003648e-05,0.19518632468140282,3180,,,,,,,,,
0.02232910692691803,0.6842457056045532,1.8583730451246132e-05,0.19641391162908461,3200,,,,,,,,,
0.024281735718250274,0.3516012132167816,1.8563266326701427e-05,0.19764149857676638,3220,,,,,,,,,
0.02312195599079132,0.5575632452964783,1.8542666850188983e-05,0.19886908552444815,3240,,,,,,,,,
,,,0.19985115508259357,3256,0.12036065757274628,12.1478,82.32,10.29,,,,,
0.024479642510414124,0.36578360199928284,1.852193234730648e-05,0.20009667247212995,3260,,,,,,,,,
0.023380680382251738,0.30464091897010803,1.8501063145785846e-05,0.20132425941981172,3280,,,,,,,,,
0.022059369087219238,0.5813372135162354,1.848005957548807e-05,0.2025518463674935,3300,,,,,,,,,
0.022739751636981963,0.36031845211982727,1.8458921968397984e-05,0.20377943331517528,3320,,,,,,,,,
0.02326661944389343,0.3599913418292999,1.843765065861903e-05,0.20500702026285705,3340,,,,,,,,,
0.022790443897247315,0.29571333527565,1.8416245982367963e-05,0.20623460721053882,3360,,,,,,,,,
0.022379964590072632,0.42363762855529785,1.8394708277969546e-05,0.20746219415822062,3380,,,,,,,,,
0.022763624787330627,0.5690758228302002,1.83730378858512e-05,0.2086897811059024,3400,,,,,,,,,
0.02195657044649124,0.3203536570072174,1.8351235148537623e-05,0.20991736805358416,3420,,,,,,,,,
0.023501238226890563,0.3728811740875244,1.8329300410645375e-05,0.21114495500126595,3440,,,,,,,,,
0.022389110922813416,0.2866050601005554,1.8307234018877437e-05,0.21237254194894772,3460,,,,,,,,,
0.02202378213405609,0.3010002076625824,1.8285036322017722e-05,0.2136001288966295,3480,,,,,,,,,
0.020699815452098848,0.7524762749671936,1.8262707670925568e-05,0.2148277158443113,3500,,,,,,,,,
0.022817455232143402,0.3381015956401825,1.8240248418530187e-05,0.21605530279199306,3520,,,,,,,,,
0.02200944572687149,0.430745393037796,1.8217658919825097e-05,0.21728288973967486,3540,,,,,,,,,
0.0234003871679306,0.5085670948028564,1.8194939531862495e-05,0.21851047668735663,3560,,,,,,,,,
0.022438740730285643,0.32743218541145325,1.8172090613747633e-05,0.2197380636350384,3580,,,,,,,,,
0.022063986957073213,0.8520442247390747,1.8149112526633124e-05,0.2209656505827202,3600,,,,,,,,,
0.02342519015073776,0.46354690194129944,1.8126005633713245e-05,0.22219323753040196,3620,,,,,,,,,
0.021666045486927032,0.3031756579875946,1.810277030021819e-05,0.22342082447808373,3640,,,,,,,,,
0.0219062402844429,0.3243219554424286,1.8079406893408297e-05,0.22464841142576553,3660,,,,,,,,,
0.022191447019577027,0.37896788120269775,1.805591578256825e-05,0.2258759983734473,3680,,,,,,,,,
0.022458593547344207,0.6271857619285583,1.8032297339001236e-05,0.22710358532112906,3700,,,,,,,,,
0.02401217520236969,0.3506230115890503,1.8008551936023074e-05,0.22833117226881086,3720,,,,,,,,,
0.020806007087230682,0.30354762077331543,1.7984679948956327e-05,0.22955875921649263,3740,,,,,,,,,
0.02191559225320816,0.42862263321876526,1.796068175512435e-05,0.2307863461641744,3760,,,,,,,,,
0.021779370307922364,0.32967108488082886,1.7936557733845347e-05,0.2320139331118562,3780,,,,,,,,,
0.02155328691005707,0.5842777490615845,1.7912308266426356e-05,0.23324152005953797,3800,,,,,,,,,
0.022402004897594453,0.2998362183570862,1.7887933736157235e-05,0.23446910700721973,3820,,,,,,,,,
0.020969107747077942,0.43049943447113037,1.78634345283046e-05,0.23569669395490153,3840,,,,,,,,,
0.022422806918621065,0.33297500014305115,1.7838811030105736e-05,0.2369242809025833,3860,,,,,,,,,
0.02156083136796951,0.5368114709854126,1.781406363076247e-05,0.23815186785026507,3880,,,,,,,,,
0.021882377564907074,0.8703849911689758,1.7789192721435034e-05,0.23937945479794687,3900,,,,,,,,,
0.02265370488166809,0.3198447525501251,1.7764198695235864e-05,0.24060704174562864,3920,,,,,,,,,
0.02099366933107376,0.37084871530532837,1.77390819472234e-05,0.2418346286933104,3940,,,,,,,,,
0.022437670826911928,0.2984675467014313,1.7713842874395836e-05,0.2430622156409922,3960,,,,,,,,,
0.021036604046821596,0.3400234878063202,1.7688481875684846e-05,0.24428980258867397,3980,,,,,,,,,
0.02198459059000015,0.7814300060272217,1.7662999351949278e-05,0.24551738953635577,4000,,,,,,,,,
0.021965907514095308,0.2778456509113312,1.763739570596882e-05,0.24674497648403754,4020,,,,,,,,,
0.020526474714279173,0.380732923746109,1.761167134243763e-05,0.2479725634317193,4040,,,,,,,,,
0.02169831991195679,0.4090472459793091,1.7585826667957942e-05,0.2492001503794011,4060,,,,,,,,,
,,,0.249813943853242,4070,0.10725194215774536,12.7933,78.166,9.771,,,,,
0.021525681018829346,0.30669209361076355,1.7559862091033643e-05,0.25042773732708284,4080,,,,,,,,,
0.02063646763563156,0.5513796806335449,1.7533778022063807e-05,0.25165532427476467,4100,,,,,,,,,
0.021879260241985322,0.251192569732666,1.7507574873336204e-05,0.25288291122244644,4120,,,,,,,,,
0.021029579639434814,0.3294648230075836,1.7481253059020815e-05,0.2541104981701282,4140,,,,,,,,,
0.021508976817131042,0.2935607433319092,1.7454812995163245e-05,0.25533808511781,4160,,,,,,,,,
0.021231257915496828,0.26154324412345886,1.7428255099678167e-05,0.25656567206549175,4180,,,,,,,,,
0.020715826749801637,0.7223490476608276,1.7401579792342726e-05,0.25779325901317357,4200,,,,,,,,,
0.021349157392978668,0.29878348112106323,1.7374787494789867e-05,0.25902084596085534,4220,,,,,,,,,
0.020243418216705323,0.25270378589630127,1.7347878630501727e-05,0.2602484329085371,4240,,,,,,,,,
0.023047706484794615,0.32478830218315125,1.732085362480289e-05,0.2614760198562189,4260,,,,,,,,,
0.02055557817220688,0.30274641513824463,1.729371290485369e-05,0.26270360680390065,4280,,,,,,,,,
0.019904494285583496,0.5492388010025024,1.726645689964345e-05,0.2639311937515824,4300,,,,,,,,,
0.02230873852968216,0.2830016314983368,1.723908603998371e-05,0.26515878069926424,4320,,,,,,,,,
0.019853414595127107,0.3345990777015686,1.7211600758501412e-05,0.266386367646946,4340,,,,,,,,,
0.022313880920410156,0.3008299767971039,1.718400148963206e-05,0.2676139545946278,4360,,,,,,,,,
0.01964131146669388,0.2679188847541809,1.7156288669612858e-05,0.26884154154230955,4380,,,,,,,,,
0.019920428097248078,0.6976591944694519,1.712846273647581e-05,0.2700691284899913,4400,,,,,,,,,
0.02192968875169754,0.30692949891090393,1.71005241300408e-05,0.2712967154376731,4420,,,,,,,,,
0.021024782955646516,0.3079445958137512,1.7072473291908637e-05,0.2725243023853549,4440,,,,,,,,,
0.020671507716178893,0.31055253744125366,1.7044310665454087e-05,0.2737518893330367,4460,,,,,,,,,
0.021285024285316468,0.2782799005508423,1.7016036695818843e-05,0.27497947628071845,4480,,,,,,,,,
0.02026528716087341,0.6771014928817749,1.69876518299045e-05,0.2762070632284002,4500,,,,,,,,,
0.022147375345230102,0.25664737820625305,1.6959156516365506e-05,0.277434650176082,4520,,,,,,,,,
0.02009848356246948,0.2809673547744751,1.6930551205602045e-05,0.27866223712376376,4540,,,,,,,,,
0.021955758333206177,0.27998846769332886,1.690183634975293e-05,0.2798898240714456,4560,,,,,,,,,
0.01962457001209259,0.24112121760845184,1.6873012402688467e-05,0.28111741101912735,4580,,,,,,,,,
0.020181560516357423,0.41781356930732727,1.6844079820003258e-05,0.2823449979668091,4600,,,,,,,,,
0.021637286245822906,0.28936371207237244,1.6815039059009012e-05,0.2835725849144909,4620,,,,,,,,,
0.02009778320789337,0.2887677848339081,1.678589057872733e-05,0.28480017186217266,4640,,,,,,,,,
0.019886967539787293,0.23324240744113922,1.6756634839882425e-05,0.2860277588098544,4660,,,,,,,,,
0.020617596805095673,0.36543408036231995,1.6727272304893855e-05,0.28725534575753625,4680,,,,,,,,,
0.020119549334049226,0.433954656124115,1.66978034378692e-05,0.288482932705218,4700,,,,,,,,,
0.02098299115896225,0.23702098429203033,1.6668228704596755e-05,0.2897105196528998,4720,,,,,,,,,
0.020525613427162172,0.33331936597824097,1.663854857253814e-05,0.29093810660058156,4740,,,,,,,,,
0.019860091805458068,0.2790973484516144,1.660876351082091e-05,0.2921656935482633,4760,,,,,,,,,
0.02124226689338684,0.2661921977996826,1.657887399023117e-05,0.29339328049594515,4780,,,,,,,,,
0.019389748573303223,0.4964159429073334,1.65488804832061e-05,0.2946208674436269,4800,,,,,,,,,
0.020860795676708222,0.2911014258861542,1.6518783463826503e-05,0.2958484543913087,4820,,,,,,,,,
0.02016170769929886,0.32190054655075073,1.6488583407809315e-05,0.29707604133899046,4840,,,,,,,,,
0.020060117542743682,0.26080796122550964,1.6458280792500075e-05,0.29830362828667223,4860,,,,,,,,,
0.01946976184844971,0.29377347230911255,1.6427876096865394e-05,0.299531215234354,4880,,,,,,,,,
,,,0.2997767326238904,4884,0.12170974910259247,11.5082,86.894,10.862,,,,,
0.019732275605201723,0.5620923638343811,1.639736980148537e-05,0.3007588021820358,4900,,,,,,,,,
0.02180781066417694,0.2584170997142792,1.6366762388545997e-05,0.3019863891297176,4920,,,,,,,,,
0.019569981098175048,0.36411571502685547,1.6336054341831545e-05,0.30321397607739936,4940,,,,,,,,,
0.020311924815177917,0.23613564670085907,1.6305246146716925e-05,0.30444156302508113,4960,,,,,,,,,
0.020158320665359497,0.23335112631320953,1.627433829015999e-05,0.3056691499727629,4980,,,,,,,,,
0.0194565013051033,0.5233216285705566,1.6243331260693853e-05,0.30689673692044467,5000,,,,,,,,,
0.020222696661949157,0.2502794861793518,1.621222554841918e-05,0.3081243238681265,5020,,,,,,,,,
0.018596725165843965,0.33824867010116577,1.6181021644996416e-05,0.30935191081580826,5040,,,,,,,,,
0.01997458338737488,0.24619026482105255,1.6149720043638026e-05,0.31057949776349003,5060,,,,,,,,,
0.019920174777507783,0.3733985126018524,1.6118321239100713e-05,0.3118070847111718,5080,,,,,,,,,
0.019754669070243834,0.4225967824459076,1.608682572767757e-05,0.31303467165885357,5100,,,,,,,,,
0.02121843844652176,0.25142237544059753,1.605523400719025e-05,0.31426225860653534,5120,,,,,,,,,
0.020508912205696107,0.2916262447834015,1.6023546576981113e-05,0.31548984555421716,5140,,,,,,,,,
0.020763884484767913,0.47615352272987366,1.5991763937905305e-05,0.31671743250189893,5160,,,,,,,,,
0.02069777399301529,0.2504197955131531,1.5959886592322857e-05,0.3179450194495807,5180,,,,,,,,,
0.019676367938518523,0.4013296365737915,1.592791504409074e-05,0.31917260639726247,5200,,,,,,,,,
0.020091693103313445,0.243254154920578,1.5895849798554906e-05,0.32040019334494424,5220,,,,,,,,,
0.01961539387702942,0.27183082699775696,1.5863691362542296e-05,0.32162778029262606,5240,,,,,,,,,
0.02002023458480835,0.2889785170555115,1.5831440244352832e-05,0.32285536724030783,5260,,,,,,,,,
0.01939825862646103,0.5576812624931335,1.579909695375138e-05,0.3240829541879896,5280,,,,,,,,,
0.018223990499973298,0.5959179997444153,1.576666200195969e-05,0.32531054113567137,5300,,,,,,,,,
0.019477388262748717,0.2368917018175125,1.5734135901648325e-05,0.32653812808335314,5320,,,,,,,,,
0.019366782903671265,0.28577613830566406,1.570151916692855e-05,0.3277657150310349,5340,,,,,,,,,
0.020554761588573455,0.24471604824066162,1.5668812313344207e-05,0.32899330197871673,5360,,,,,,,,,
0.019196511805057527,0.21676403284072876,1.563601585786357e-05,0.3302208889263985,5380,,,,,,,,,
0.01876598298549652,0.41036808490753174,1.5603130318871162e-05,0.3314484758740803,5400,,,,,,,,,
0.02034509778022766,0.2761326730251312,1.557015621615958e-05,0.33267606282176204,5420,,,,,,,,,
0.019347947835922242,0.2562880218029022,1.5537094070921267e-05,0.3339036497694438,5440,,,,,,,,,
0.020073112845420838,0.2638223469257355,1.5503944405740274e-05,0.3351312367171256,5460,,,,,,,,,
0.019705455005168914,0.28670546412467957,1.5470707744584007e-05,0.3363588236648074,5480,,,,,,,,,
0.018553011119365692,0.5349668264389038,1.543738461279493e-05,0.3375864106124892,5500,,,,,,,,,
0.020726405084133148,0.4664655327796936,1.540397553708228e-05,0.33881399756017094,5520,,,,,,,,,
0.019575390219688415,0.4486013650894165,1.537048104551373e-05,0.3400415845078527,5540,,,,,,,,,
0.019493524730205537,0.3155516982078552,1.5336901667507057e-05,0.3412691714555345,5560,,,,,,,,,
0.01913898140192032,0.30648255348205566,1.5303237933821743e-05,0.34249675840321625,5580,,,,,,,,,
0.01914677619934082,0.7306050062179565,1.526949037655062e-05,0.3437243453508981,5600,,,,,,,,,
0.019899745285511018,0.2671736478805542,1.5235659529111445e-05,0.34495193229857984,5620,,,,,,,,,
0.019884517788887023,0.34832626581192017,1.5201745926238458e-05,0.3461795192462616,5640,,,,,,,,,
0.02036249190568924,0.28547292947769165,1.5167750103973952e-05,0.3474071061939434,5660,,,,,,,,,
0.0202005073428154,0.2577131688594818,1.5133672599659781e-05,0.34863469314162515,5680,,,,,,,,,
,,,0.3497395213945388,5698,0.15349426865577698,11.4467,87.362,10.92,,,,,
0.01926950067281723,0.8307805061340332,1.5099513951928886e-05,0.349862280089307,5700,,,,,,,,,
0.019679348170757293,0.23728413879871368,1.5065274700696757e-05,0.35108986703698875,5720,,,,,,,,,
0.020374725759029388,0.3153766393661499,1.503095538715292e-05,0.3523174539846705,5740,,,,,,,,,
0.019912058115005495,0.29911819100379944,1.4996556553752371e-05,0.3535450409323523,5760,,,,,,,,,
0.019900166988372804,0.242172971367836,1.4962078744207013e-05,0.35477262788003405,5780,,,,,,,,,
0.018085071444511415,0.598871111869812,1.4927522503477047e-05,0.3560002148277158,5800,,,,,,,,,
0.020438984036445618,0.24851056933403015,1.4892888377762366e-05,0.35722780177539765,5820,,,,,,,,,
0.019222405552864075,0.33132022619247437,1.4858176914493933e-05,0.3584553887230794,5840,,,,,,,,,
0.020026776194572448,0.27306604385375977,1.4823388662325107e-05,0.3596829756707612,5860,,,,,,,,,
0.01918412446975708,0.2581513524055481,1.4788524171122978e-05,0.36091056261844295,5880,,,,,,,,,
0.018092827498912813,0.3914470076560974,1.4753583991959692e-05,0.3621381495661247,5900,,,,,,,,,
0.01979321539402008,0.24501174688339233,1.4718568677103716e-05,0.3633657365138065,5920,,,,,,,,,
0.018883673846721648,0.4503576159477234,1.4683478780011127e-05,0.3645933234614883,5940,,,,,,,,,
0.019501081109046935,0.23524129390716553,1.4648314855316852e-05,0.3658209104091701,5960,,,,,,,,,
0.018711845576763152,0.22752493619918823,1.4613077458825916e-05,0.36704849735685185,5980,,,,,,,,,
0.019383017718791962,0.42207983136177063,1.457776714750463e-05,0.3682760843045336,6000,,,,,,,,,
0.01911626011133194,0.23227567970752716,1.4542384479471827e-05,0.3695036712522154,6020,,,,,,,,,
0.018300846219062805,0.2979831099510193,1.4506930013990006e-05,0.37073125819989716,6040,,,,,,,,,
0.01942209303379059,0.24387118220329285,1.4471404311456504e-05,0.371958845147579,6060,,,,,,,,,
0.01858748644590378,0.2220216691493988,1.4435807933394642e-05,0.37318643209526076,6080,,,,,,,,,
0.018226577341556548,0.768790066242218,1.4400141442444846e-05,0.3744140190429425,6100,,,,,,,,,
0.01933429092168808,0.25019124150276184,1.4364405402355757e-05,0.3756416059906243,6120,,,,,,,,,
0.020179666578769684,0.2720922529697418,1.432860037797531e-05,0.37686919293830606,6140,,,,,,,,,
0.019423380494117737,0.24448521435260773,1.4292726935241827e-05,0.3780967798859879,6160,,,,,,,,,
0.018839742243289947,0.23537544906139374,1.4256785641175041e-05,0.37932436683366966,6180,,,,,,,,,
0.019117480516433714,0.38721024990081787,1.4220777063867167e-05,0.3805519537813514,6200,,,,,,,,,
0.019212770462036132,0.28724026679992676,1.4184701772473895e-05,0.3817795407290332,6220,,,,,,,,,
0.01783600598573685,0.26041388511657715,1.4148560337205413e-05,0.38300712767671496,6240,,,,,,,,,
0.018437667191028594,0.2584412395954132,1.4112353329317381e-05,0.38423471462439673,6260,,,,,,,,,
0.019253744184970854,0.25019973516464233,1.4076081321101912e-05,0.38546230157207856,6280,,,,,,,,,
0.01826225221157074,0.44326087832450867,1.403974488587852e-05,0.3866898885197603,6300,,,,,,,,,
0.019497485458850862,0.27047720551490784,1.4003344597985058e-05,0.3879174754674421,6320,,,,,,,,,
0.019296801090240477,0.25009167194366455,1.3966881032768642e-05,0.38914506241512387,6340,,,,,,,,,
0.018727485835552216,0.2836906313896179,1.3930354766576561e-05,0.39037264936280563,6360,,,,,,,,,
0.019183802604675292,0.23851974308490753,1.3893766376747157e-05,0.3916002363104874,6380,,,,,,,,,
0.01811780333518982,0.3648187220096588,1.385711644160071e-05,0.39282782325816923,6400,,,,,,,,,
0.019204646348953247,0.35407912731170654,1.3820405540430284e-05,0.394055410205851,6420,,,,,,,,,
0.01851772516965866,0.26960909366607666,1.3783634253492593e-05,0.39528299715353277,6440,,,,,,,,,
0.01901034414768219,0.2530152499675751,1.3746803161998804e-05,0.39651058410121454,6460,,,,,,,,,
0.018239824473857878,0.2597561478614807,1.3709912848105357e-05,0.3977381710488963,6480,,,,,,,,,
0.017966921627521514,0.5601492524147034,1.367296389490479e-05,0.3989657579965781,6500,,,,,,,,,
,,,0.39970231016518715,6512,0.13415881991386414,11.9749,83.508,10.438,,,,,
0.018637613952159883,0.21353214979171753,1.3635956886416479e-05,0.4001933449442599,6520,,,,,,,,,
0.018610458076000213,0.26385974884033203,1.3598892407577436e-05,0.40142093189194167,6540,,,,,,,,,
0.018702730536460876,0.21372027695178986,1.3561771044233057e-05,0.40264851883962344,6560,,,,,,,,,
0.01846280097961426,0.2314242571592331,1.3524593383127859e-05,0.4038761057873052,6580,,,,,,,,,
0.018006545305252076,0.45989951491355896,1.3487360011896213e-05,0.405103692734987,6600,,,,,,,,,
0.019272750616073607,0.2262686938047409,1.3450071519053041e-05,0.4063312796826688,6620,,,,,,,,,
0.0173653781414032,0.2852630317211151,1.3412728493984535e-05,0.40755886663035057,6640,,,,,,,,,
0.01827320158481598,0.2347424477338791,1.3375331526938817e-05,0.40878645357803234,6660,,,,,,,,,
0.01777871996164322,0.20650601387023926,1.3337881209016633e-05,0.4100140405257141,6680,,,,,,,,,
0.017175491154193877,0.3972393870353699,1.3300378132161992e-05,0.4112416274733959,6700,,,,,,,,,
0.018111695349216462,0.20415760576725006,1.3262822889152826e-05,0.41246921442107765,6720,,,,,,,,,
0.018078003823757172,0.2621563971042633,1.3225216073591595e-05,0.41369680136875947,6740,,,,,,,,,
0.018573419749736787,0.23236291110515594,1.3187558279895938e-05,0.41492438831644124,6760,,,,,,,,,
0.018441864848136903,0.22934703528881073,1.314985010328925e-05,0.416151975264123,6780,,,,,,,,,
0.01682640016078949,0.4147646725177765,1.3112092139791288e-05,0.4173795622118048,6800,,,,,,,,,
0.019750858843326568,0.25106462836265564,1.3074284986208738e-05,0.41860714915948655,6820,,,,,,,,,
0.01735125333070755,0.21219149231910706,1.3036429240125808e-05,0.4198347361071683,6840,,,,,,,,,
0.018172058463096618,0.28506577014923096,1.2998525499894747e-05,0.42106232305485014,6860,,,,,,,,,
0.017788220942020417,0.26053115725517273,1.2960574364626413e-05,0.4222899100025319,6880,,,,,,,,,
0.01767336130142212,0.6140836477279663,1.2922576434180793e-05,0.4235174969502137,6900,,,,,,,,,
0.01872970312833786,0.22075559198856354,1.288453230915753e-05,0.42474508389789545,6920,,,,,,,,,
0.01776465177536011,0.2645919620990753,1.284644259088641e-05,0.4259726708455772,6940,,,,,,,,,
0.017161859571933745,0.25921711325645447,1.2808307881417887e-05,0.427200257793259,6960,,,,,,,,,
0.01820577383041382,0.22774802148342133,1.277012878351354e-05,0.4284278447409408,6980,,,,,,,,,
0.017401005327701568,0.4210052490234375,1.2731905900636563e-05,0.4296554316886226,7000,,,,,,,,,
0.017800146341323854,0.22059059143066406,1.2693639836942218e-05,0.43088301863630435,7020,,,,,,,,,
0.01732958257198334,0.2413835972547531,1.2655331197268285e-05,0.4321106055839861,7040,,,,,,,,,
0.017864222824573516,0.27972275018692017,1.2616980587125514e-05,0.4333381925316679,7060,,,,,,,,,
0.018497228622436523,0.24781110882759094,1.2578588612688027e-05,0.4345657794793497,7080,,,,,,,,,
0.018073655664920807,0.38486987352371216,1.254015588078378e-05,0.4357933664270315,7100,,,,,,,,,
0.017625847458839418,0.20624202489852905,1.2501682998884925e-05,0.43702095337471325,7120,,,,,,,,,
0.017696824669837952,0.22590495645999908,1.2463170575098236e-05,0.438248540322395,7140,,,,,,,,,
0.017582644522190095,0.23868069052696228,1.2424619218155494e-05,0.4394761272700768,7160,,,,,,,,,
0.01919064223766327,0.30743682384490967,1.238602953740386e-05,0.44070371421775856,7180,,,,,,,,,
0.017058032751083373,0.415707528591156,1.2347402142796248e-05,0.4419313011654404,7200,,,,,,,,,
0.017290772497653963,0.2031417191028595,1.2308737644881673e-05,0.44315888811312215,7220,,,,,,,,,
0.01687723398208618,0.22953440248966217,1.2270036654795614e-05,0.4443864750608039,7240,,,,,,,,,
0.017634226381778716,0.22949962317943573,1.2231299784250357e-05,0.4456140620084857,7260,,,,,,,,,
0.018741367757320403,0.25682851672172546,1.2192527645525304e-05,0.44684164895616746,7280,,,,,,,,,
0.01842532157897949,0.5952720046043396,1.2153720851457324e-05,0.44806923590384923,7300,,,,,,,,,
0.01840774416923523,0.24094098806381226,1.2114880015431043e-05,0.44929682285153105,7320,,,,,,,,,
,,,0.44966509893583556,7326,0.13613422214984894,12.153,82.284,10.286,,,,,
0.01724456548690796,0.2589365541934967,1.2076005751369163e-05,0.4505244097992128,7340,,,,,,,,,
0.01866631954908371,0.23529233038425446,1.2037098673722747e-05,0.4517519967468946,7360,,,,,,,,,
0.017832759022712707,0.24301846325397491,1.1998159397461524e-05,0.45297958369457636,7380,,,,,,,,,
0.01777290552854538,0.40365487337112427,1.1959188538064145e-05,0.45420717064225813,7400,,,,,,,,,
0.017767629027366637,0.18669599294662476,1.1920186711508479e-05,0.4554347575899399,7420,,,,,,,,,
0.016995440423488616,0.2301476001739502,1.1881154534261862e-05,0.4566623445376217,7440,,,,,,,,,
0.01763275861740112,0.24496814608573914,1.1842092623271353e-05,0.4578899314853035,7460,,,,,,,,,
0.017598250508308412,0.6098528504371643,1.1803001595953984e-05,0.45911751843298526,7480,,,,,,,,,
0.01776293069124222,0.379050076007843,1.1763882070187014e-05,0.46034510538066703,7500,,,,,,,,,
0.01781180202960968,0.3353380858898163,1.1724734664298143e-05,0.4615726923283488,7520,,,,,,,,,
0.016952012479305268,0.20428650081157684,1.1685559997055748e-05,0.4628002792760306,7540,,,,,,,,,
0.017217767238616944,0.20252592861652374,1.1646358687659105e-05,0.4640278662237124,7560,,,,,,,,,
0.01722959280014038,0.1985975056886673,1.1607131355728599e-05,0.46525545317139416,7580,,,,,,,,,
0.01733177453279495,0.5291249752044678,1.1567878621295922e-05,0.46648304011907593,7600,,,,,,,,,
0.018390792608261108,0.20021280646324158,1.1528601104794294e-05,0.4677106270667577,7620,,,,,,,,,
0.017831411957740784,0.2494446337223053,1.1489299427048634e-05,0.46893821401443947,7640,,,,,,,,,
0.0180726557970047,0.21169185638427734,1.1449974209265764e-05,0.4701658009621213,7660,,,,,,,,,
0.01753346174955368,0.1873498409986496,1.1410626073024569e-05,0.47139338790980306,7680,,,,,,,,,
0.017430558800697327,0.4014113247394562,1.1371255640266199e-05,0.47262097485748483,7700,,,,,,,,,
0.017668862640857697,0.22905659675598145,1.133186353328422e-05,0.4738485618051666,7720,,,,,,,,,
0.0165553018450737,0.4228712320327759,1.1292450374714788e-05,0.47507614875284837,7740,,,,,,,,,
0.017052958905696868,0.226486474275589,1.125301678752679e-05,0.47630373570053014,7760,,,,,,,,,
0.017058803141117095,0.22598949074745178,1.1213563395012025e-05,0.47753132264821196,7780,,,,,,,,,
0.017474265396595003,0.541775107383728,1.1174090820775332e-05,0.47875890959589373,7800,,,,,,,,,
0.017901979386806488,0.31951817870140076,1.1134599688724731e-05,0.4799864965435755,7820,,,,,,,,,
0.01684458404779434,0.24934226274490356,1.1095090623061584e-05,0.48121408349125727,7840,,,,,,,,,
0.016607974469661713,0.19550156593322754,1.1055564248270701e-05,0.48244167043893904,7860,,,,,,,,,
0.017064940929412842,0.21019817888736725,1.1016021189110483e-05,0.4836692573866208,7880,,,,,,,,,
0.017669957876205445,0.4429914653301239,1.0976462070603054e-05,0.48489684433430263,7900,,,,,,,,,
0.017074787616729738,0.21502240002155304,1.0936887518024371e-05,0.4861244312819844,7920,,,,,,,,,
0.017440705001354216,0.24792610108852386,1.0897298156894337e-05,0.4873520182296662,7940,,,,,,,,,
0.01794323921203613,0.2679920494556427,1.085769461296692e-05,0.48857960517734794,7960,,,,,,,,,
0.017127764225006104,0.2410859912633896,1.0818077512220284e-05,0.4898071921250297,7980,,,,,,,,,
0.01621181219816208,0.3875894248485565,1.077844748084685e-05,0.49103477907271154,8000,,,,,,,,,
0.01726502478122711,0.19573891162872314,1.0738805145243428e-05,0.4922623660203933,8020,,,,,,,,,
0.017267636954784393,0.23763982951641083,1.0699151132001313e-05,0.4934899529680751,8040,,,,,,,,,
0.016749119758605956,0.19752930104732513,1.0659486067896379e-05,0.49471753991575684,8060,,,,,,,,,
0.01695568412542343,0.21140196919441223,1.0619810579879166e-05,0.4959451268634386,8080,,,,,,,,,
0.016342924535274507,0.9922820925712585,1.0580125295064987e-05,0.4971727138111204,8100,,,,,,,,,
0.017400333285331727,0.2660215198993683,1.054043084072399e-05,0.4984003007588022,8120,,,,,,,,,
0.016849024593830107,0.22376394271850586,1.050072784427126e-05,0.499627887706484,8140,,,,,,,,,
,,,0.499627887706484,8140,0.11879093945026398,11.6166,86.083,10.76,,,,,
0.017363597452640534,0.22192832827568054,1.0461016933256914e-05,0.5008554746541657,8160,,,,,,,,,
0.018297389149665833,0.2069728523492813,1.0421298735356148e-05,0.5020830616018476,8180,,,,,,,,,
0.016453711688518523,0.3520236611366272,1.0381573878359353e-05,0.5033106485495293,8200,,,,,,,,,
0.01775759309530258,0.18667739629745483,1.0341842990162152e-05,0.5045382354972111,8220,,,,,,,,,
0.016118663549423217,0.28339317440986633,1.0302106698755526e-05,0.5057658224448929,8240,,,,,,,,,
0.018537510931491853,0.1936497688293457,1.0262365632215838e-05,0.5069934093925746,8260,,,,,,,,,
0.016516968607902527,0.20682933926582336,1.0222620418694932e-05,0.5082209963402564,8280,,,,,,,,,
0.016396906971931458,0.4054751694202423,1.0182871686410209e-05,0.5094485832879382,8300,,,,,,,,,
0.017822015285491943,0.4010421931743622,1.0143120063634681e-05,0.51067617023562,8320,,,,,,,,,
0.016799819469451905,0.20133665204048157,1.0103366178687046e-05,0.5119037571833017,8340,,,,,,,,,
0.017545248568058013,0.20897868275642395,1.0063610659921753e-05,0.5131313441309835,8360,,,,,,,,,
0.01706102192401886,0.23361380398273468,1.0023854135719091e-05,0.5143589310786653,8380,,,,,,,,,
0.01597542464733124,0.32799047231674194,9.984097234475232e-06,0.5155865180263471,8400,,,,,,,,,
0.017077036201953888,0.19310306012630463,9.944340584592303e-06,0.5168141049740289,8420,,,,,,,,,
0.017037302255630493,0.215206578373909,9.904584814468464e-06,0.5180416919217107,8440,,,,,,,,,
0.015907785296440123,0.2182435244321823,9.864830552487971e-06,0.5192692788693924,8460,,,,,,,,,
0.01685100346803665,0.17156216502189636,9.825078427011237e-06,0.5204968658170742,8480,,,,,,,,,
0.016452349722385406,0.5307538509368896,9.785329066364906e-06,0.521724452764756,8500,,,,,,,,,
0.017426954209804536,0.21659980714321136,9.745583098831927e-06,0.5229520397124378,8520,,,,,,,,,
0.016709679365158082,0.22999797761440277,9.705841152641607e-06,0.5241796266601195,8540,,,,,,,,,
0.016751563549041747,0.22270366549491882,9.666103855959699e-06,0.5254072136078013,8560,,,,,,,,,
0.01549590528011322,0.23375749588012695,9.62637183687846e-06,0.5266348005554831,8580,,,,,,,,,
0.016636545956134795,0.37600889801979065,9.586645723406737e-06,0.5278623875031648,8600,,,,,,,,,
0.01717447191476822,0.25555118918418884,9.546926143460023e-06,0.5290899744508466,8620,,,,,,,,,
0.017133621871471404,0.2410789132118225,9.507213724850549e-06,0.5303175613985285,8640,,,,,,,,,
0.016768878698348998,0.19511888921260834,9.467509095277344e-06,0.5315451483462102,8660,,,,,,,,,
0.016711388528347016,0.2407793253660202,9.42781288231633e-06,0.532772735293892,8680,,,,,,,,,
0.01628071963787079,0.43757006525993347,9.388125713410392e-06,0.5340003222415738,8700,,,,,,,,,
0.017245070636272432,0.2545507550239563,9.348448215859467e-06,0.5352279091892556,8720,,,,,,,,,
0.016689154505729675,0.23201577365398407,9.308781016810615e-06,0.5364554961369373,8740,,,,,,,,,
0.01646662950515747,0.24287641048431396,9.269124743248134e-06,0.5376830830846191,8760,,,,,,,,,
0.016189900040626527,0.20619210600852966,9.229480021983623e-06,0.5389106700323009,8780,,,,,,,,,
0.01672796756029129,0.43923452496528625,9.189847479646079e-06,0.5401382569799826,8800,,,,,,,,,
0.016203168034553527,0.16921967267990112,9.150227742672003e-06,0.5413658439276644,8820,,,,,,,,,
0.016332513093948363,0.23619309067726135,9.110621437295497e-06,0.5425934308753462,8840,,,,,,,,,
0.01686004549264908,0.26771169900894165,9.071029189538355e-06,0.5438210178230279,8860,,,,,,,,,
0.015348516404628754,0.19177459180355072,9.03145162520017e-06,0.5450486047707098,8880,,,,,,,,,
0.016442245244979857,0.3958333134651184,8.991889369848464e-06,0.5462761917183916,8900,,,,,,,,,
0.016173630952835083,0.20260396599769592,8.952343048808771e-06,0.5475037786660734,8920,,,,,,,,,
0.01593734174966812,0.18934792280197144,8.912813287154768e-06,0.5487313656137551,8940,,,,,,,,,
,,,0.5495906764771323,8954,0.13471941649913788,11.4911,87.024,10.878,,,,,
0.016725583374500273,0.19521284103393555,8.87330070969839e-06,0.5499589525614369,8960,,,,,,,,,
0.015445576608181,0.20662124454975128,8.83380594097996e-06,0.5511865395091187,8980,,,,,,,,,
0.016200929880142212,0.7471485733985901,8.794329605258317e-06,0.5524141264568004,9000,,,,,,,,,
0.017056699097156524,0.24185843765735626,8.754872326500933e-06,0.5536417134044822,9020,,,,,,,,,
0.016081210970878602,0.25176507234573364,8.715434728374083e-06,0.554869300352164,9040,,,,,,,,,
0.016577869653701782,0.20644867420196533,8.676017434232951e-06,0.5560968872998457,9060,,,,,,,,,
0.017220339179039,0.20147648453712463,8.636621067111796e-06,0.5573244742475275,9080,,,,,,,,,
0.015532474219799041,0.320039838552475,8.597246249714114e-06,0.5585520611952094,9100,,,,,,,,,
0.016156069934368134,0.1742393523454666,8.557893604402774e-06,0.5597796481428912,9120,,,,,,,,,
0.01600467264652252,0.23381049931049347,8.518563753190195e-06,0.5610072350905729,9140,,,,,,,,,
0.015246713161468506,0.22093705832958221,8.479257317728497e-06,0.5622348220382547,9160,,,,,,,,,
0.016672618687152863,0.2407999038696289,8.439974919299709e-06,0.5634624089859365,9180,,,,,,,,,
0.0160029336810112,0.3208385109901428,8.400717178805913e-06,0.5646899959336182,9200,,,,,,,,,
0.016875623166561125,0.21281395852565765,8.361484716759445e-06,0.5659175828813,9220,,,,,,,,,
0.01578756719827652,0.20166213810443878,8.322278153273092e-06,0.5671451698289818,9240,,,,,,,,,
0.01618240922689438,0.22219708561897278,8.28309810805029e-06,0.5683727567766635,9260,,,,,,,,,
0.016141143441200257,0.21342545747756958,8.243945200375316e-06,0.5696003437243453,9280,,,,,,,,,
0.01648974120616913,0.5413696765899658,8.204820049103506e-06,0.5708279306720271,9300,,,,,,,,,
0.01637973040342331,0.18776464462280273,8.165723272651485e-06,0.5720555176197089,9320,,,,,,,,,
0.015542624890804291,0.2245633602142334,8.126655488987374e-06,0.5732831045673907,9340,,,,,,,,,
0.01630731225013733,0.19514377415180206,8.08761731562103e-06,0.5745106915150725,9360,,,,,,,,,
0.015557658672332764,0.19552460312843323,8.048609369594296e-06,0.5757382784627543,9380,,,,,,,,,
0.015305733680725098,0.3711932599544525,8.009632267471227e-06,0.576965865410436,9400,,,,,,,,,
0.016067934036254884,0.2033061385154724,7.970686625328365e-06,0.5781934523581178,9420,,,,,,,,,
0.01586174964904785,0.20275674760341644,7.931773058744984e-06,0.5794210393057996,9440,,,,,,,,,
0.016444437205791473,0.2114713191986084,7.892892182793374e-06,0.5806486262534813,9460,,,,,,,,,
0.015673406422138214,0.2716284990310669,7.85404461202911e-06,0.5818762132011631,9480,,,,,,,,,
0.01573699861764908,0.5455009937286377,7.815230960481342e-06,0.5831038001488449,9500,,,,,,,,,
0.016203486919403078,0.28936856985092163,7.776451841643089e-06,0.5843313870965267,9520,,,,,,,,,
0.015717104077339172,0.1911114752292633,7.73770786846154e-06,0.5855589740442084,9540,,,,,,,,,
0.01590355783700943,0.20955951511859894,7.698999653328372e-06,0.5867865609918903,9560,,,,,,,,,
0.01574555188417435,0.19786225259304047,7.660327808070064e-06,0.5880141479395721,9580,,,,,,,,,
0.0158101424574852,0.47360607981681824,7.62169294393823e-06,0.5892417348872538,9600,,,,,,,,,
0.016160033643245697,0.2041473090648651,7.583095671599954e-06,0.5904693218349356,9620,,,,,,,,,
0.016126082837581636,0.20074217021465302,7.54453660112814e-06,0.5916969087826174,9640,,,,,,,,,
0.016234134137630463,0.21042698621749878,7.5060163419918685e-06,0.5929244957302992,9660,,,,,,,,,
0.015345938503742218,0.24820595979690552,7.467535503046765e-06,0.5941520826779809,9680,,,,,,,,,
0.014955975115299225,0.3737714886665344,7.429094692525376e-06,0.5953796696256627,9700,,,,,,,,,
0.015714344382286072,0.17822635173797607,7.390694518027548e-06,0.5966072565733445,9720,,,,,,,,,
0.015907755494117735,0.21036748588085175,7.352335586510844e-06,0.5978348435210262,9740,,,,,,,,,
0.01596135050058365,0.21743442118167877,7.314018504280917e-06,0.599062430468708,9760,,,,,,,,,
,,,0.5995534652477807,9768,0.128972589969635,11.6073,86.153,10.769,,,,,
0.015359555184841157,0.2153034806251526,7.27574387698196e-06,0.6002900174163898,9780,,,,,,,,,
0.01545165479183197,0.600396454334259,7.237512309587111e-06,0.6015176043640716,9800,,,,,,,,,
0.016095136106014252,0.1942770928144455,7.199324406388899e-06,0.6027451913117534,9820,,,,,,,,,
0.015864160656929017,0.31184881925582886,7.1611807709896975e-06,0.6039727782594352,9840,,,,,,,,,
0.017560501396656037,0.17583821713924408,7.12308200629217e-06,0.605200365207117,9860,,,,,,,,,
0.015632259845733642,0.2120092213153839,7.085028714489748e-06,0.6064279521547987,9880,,,,,,,,,
0.016127896308898926,0.553192138671875,7.0470214970571264e-06,0.6076555391024805,9900,,,,,,,,,
0.015474817156791687,0.21408531069755554,7.009060954740732e-06,0.6088831260501623,9920,,,,,,,,,
0.016095417737960815,0.3889641761779785,6.97114768754924e-06,0.610110712997844,9940,,,,,,,,,
0.0161655992269516,0.18303214013576508,6.933282294744089e-06,0.6113382999455258,9960,,,,,,,,,
0.016361862421035767,0.1850479245185852,6.895465374830017e-06,0.6125658868932076,9980,,,,,,,,,
0.01531975418329239,0.41771557927131653,6.857697525545586e-06,0.6137934738408893,10000,,,,,,,,,
0.01600203514099121,0.2067035585641861,6.819979343853744e-06,0.6150210607885712,10020,,,,,,,,,
0.015418383479118346,0.27610963582992554,6.782311425932391e-06,0.616248647736253,10040,,,,,,,,,
0.016017676889896394,0.18494172394275665,6.744694367164943e-06,0.6174762346839348,10060,,,,,,,,,
0.015317866206169128,0.14773352444171906,6.707128762130946e-06,0.6187038216316165,10080,,,,,,,,,
0.015302197635173797,0.3383132517337799,6.669615204596644e-06,0.6199314085792983,10100,,,,,,,,,
0.014903487265110016,0.1967494785785675,6.63215428750563e-06,0.6211589955269801,10120,,,,,,,,,
0.01582750231027603,0.22793272137641907,6.594746602969442e-06,0.6223865824746618,10140,,,,,,,,,
0.015544259548187256,0.1853569895029068,6.5573927422582225e-06,0.6236141694223436,10160,,,,,,,,,
0.015654246509075164,0.2013576328754425,6.520093295791374e-06,0.6248417563700254,10180,,,,,,,,,
0.015495970845222473,0.6357845067977905,6.4828488531282155e-06,0.6260693433177071,10200,,,,,,,,,
0.015887171030044556,0.1769477128982544,6.445660002958665e-06,0.6272969302653889,10220,,,,,,,,,
0.01502958983182907,0.25736203789711,6.40852733309395e-06,0.6285245172130707,10240,,,,,,,,,
0.015359023213386535,0.20099292695522308,6.371451430457305e-06,0.6297521041607526,10260,,,,,,,,,
0.01562362015247345,0.2921310365200043,6.3344328810746855e-06,0.6309796911084343,10280,,,,,,,,,
0.015810178220272066,0.552299439907074,6.297472270065519e-06,0.6322072780561161,10300,,,,,,,,,
0.01596267819404602,0.20090655982494354,6.260570181633459e-06,0.6334348650037979,10320,,,,,,,,,
0.01548348218202591,0.22812393307685852,6.223727199057136e-06,0.6346624519514796,10340,,,,,,,,,
0.014767833054065704,0.21770288050174713,6.186943904680948e-06,0.6358900388991614,10360,,,,,,,,,
0.01581576615571976,0.1986783891916275,6.150220879905855e-06,0.6371176258468432,10380,,,,,,,,,
0.015216203033924102,0.4204447567462921,6.1135587051801985e-06,0.6383452127945249,10400,,,,,,,,,
0.015910033881664277,0.1969626545906067,6.0769579599905035e-06,0.6395727997422067,10420,,,,,,,,,
0.015075936913490295,0.23647093772888184,6.0404192228523365e-06,0.6408003866898885,10440,,,,,,,,,
0.01580844819545746,0.20948003232479095,6.003943071301161e-06,0.6420279736375702,10460,,,,,,,,,
0.016607844829559328,0.23394466936588287,5.9675300818832015e-06,0.6432555605852521,10480,,,,,,,,,
0.01636572927236557,0.4853534400463104,5.931180830146341e-06,0.6444831475329339,10500,,,,,,,,,
0.01451568603515625,0.15984590351581573,5.894895890631009e-06,0.6457107344806157,10520,,,,,,,,,
0.015592354536056518,0.17256169021129608,5.858675836861112e-06,0.6469383214282974,10540,,,,,,,,,
0.015102174878120423,0.17988909780979156,5.8225212413349685e-06,0.6481659083759792,10560,,,,,,,,,
0.015194083750247955,0.19645678997039795,5.786432675516256e-06,0.649393495323661,10580,,,,,,,,,
,,,0.6495162540184292,10582,0.1311538964509964,11.6234,86.033,10.754,,,,,
0.015348650515079498,0.6023411154747009,5.750410709824974e-06,0.6506210822713427,10600,,,,,,,,,
0.015626758337020874,0.19424393773078918,5.714455913628435e-06,0.6518486692190245,10620,,,,,,,,,
0.014494262635707855,0.2018444836139679,5.678568855232263e-06,0.6530762561667063,10640,,,,,,,,,
0.01558527648448944,0.20461635291576385,5.642750101871408e-06,0.654303843114388,10660,,,,,,,,,
0.015206576883792877,0.18680615723133087,5.607000219701193e-06,0.6555314300620698,10680,,,,,,,,,
0.01453755646944046,0.46063244342803955,5.571319773788339e-06,0.6567590170097516,10700,,,,,,,,,
0.015090693533420563,0.20602762699127197,5.535709328102066e-06,0.6579866039574335,10720,,,,,,,,,
0.01547050178050995,0.22004733979701996,5.500169445505151e-06,0.6592141909051152,10740,,,,,,,,,
0.015532812476158142,0.16603489220142365,5.4647006877450485e-06,0.660441777852797,10760,,,,,,,,,
0.015324375033378601,0.1924862116575241,5.429303615445e-06,0.6616693648004788,10780,,,,,,,,,
0.015149235725402832,0.4314348101615906,5.39397878809518e-06,0.6628969517481605,10800,,,,,,,,,
0.01589784473180771,0.1926577240228653,5.35872676404386e-06,0.6641245386958423,10820,,,,,,,,,
0.014411504566669463,0.22815275192260742,5.323548100488565e-06,0.6653521256435241,10840,,,,,,,,,
0.014572437107563018,0.19500140845775604,5.288443353467272e-06,0.6665797125912059,10860,,,,,,,,,
0.015215767920017243,0.18158861994743347,5.253413077849639e-06,0.6678072995388876,10880,,,,,,,,,
0.01478727012872696,0.4448089301586151,5.21845782732821e-06,0.6690348864865694,10900,,,,,,,,,
0.015694931149482727,0.20853686332702637,5.183578154409672e-06,0.6702624734342512,10920,,,,,,,,,
0.015576314926147462,0.23479826748371124,5.148774610406127e-06,0.671490060381933,10940,,,,,,,,,
0.01619170606136322,0.2223769724369049,5.114047745426381e-06,0.6727176473296148,10960,,,,,,,,,
0.01603136956691742,0.20722182095050812,5.079398108367235e-06,0.6739452342772966,10980,,,,,,,,,
0.015111331641674042,0.48973914980888367,5.044826246904816e-06,0.6751728212249783,11000,,,,,,,,,
0.015722081065177917,0.1742316484451294,5.010332707485925e-06,0.6764004081726601,11020,,,,,,,,,
0.015245628356933594,0.20319728553295135,4.975918035319391e-06,0.6776279951203419,11040,,,,,,,,,
0.016548621654510497,0.17479099333286285,4.941582774367469e-06,0.6788555820680237,11060,,,,,,,,,
0.014307990670204163,0.21533967554569244,4.907327467337215e-06,0.6800831690157054,11080,,,,,,,,,
0.014250175654888153,0.46308189630508423,4.873152655671941e-06,0.6813107559633872,11100,,,,,,,,,
0.015040548145771026,0.18344779312610626,4.839058879542628e-06,0.682538342911069,11120,,,,,,,,,
0.015131928026676178,0.2124873399734497,4.805046677839406e-06,0.6837659298587507,11140,,,,,,,,,
0.014452959597110748,0.14893952012062073,4.771116588163024e-06,0.6849935168064325,11160,,,,,,,,,
0.014898079633712768,0.2290644347667694,4.737269146816364e-06,0.6862211037541144,11180,,,,,,,,,
0.013656854629516602,0.23219074308872223,4.703504888795958e-06,0.6874486907017962,11200,,,,,,,,,
0.014446711540222168,0.21500720083713531,4.6698243477835394e-06,0.6886762776494779,11220,,,,,,,,,
0.014716196060180663,0.19247199594974518,4.63622805613759e-06,0.6899038645971597,11240,,,,,,,,,
0.015485569834709167,0.18874453008174896,4.602716544884942e-06,0.6911314515448415,11260,,,,,,,,,
0.014750704169273376,0.2043292075395584,4.569290343712377e-06,0.6923590384925232,11280,,,,,,,,,
0.01396859884262085,0.34856340289115906,4.535949980958257e-06,0.693586625440205,11300,,,,,,,,,
0.01600484699010849,0.2246628850698471,4.502695983604169e-06,0.6948142123878868,11320,,,,,,,,,
0.014853213727474213,0.16714178025722504,4.469528877266608e-06,0.6960417993355685,11340,,,,,,,,,
0.015089933574199677,0.17166917026042938,4.436449186188645e-06,0.6972693862832503,11360,,,,,,,,,
0.014903627336025238,0.19328254461288452,4.403457433231674e-06,0.6984969732309321,11380,,,,,,,,,
,,,0.6994790427890776,11396,0.12198388576507568,11.7551,85.07,10.634,,,,,
0.014081931114196778,0.3550194501876831,4.370554139867113e-06,0.699724560178614,11400,,,,,,,,,
0.014777006208896637,0.16951002180576324,4.337739826168181e-06,0.7009521471262957,11420,,,,,,,,,
0.014122882485389709,0.20379634201526642,4.3050150108016806e-06,0.7021797340739775,11440,,,,,,,,,
0.014449474215507508,0.15866896510124207,4.2723802110197836e-06,0.7034073210216593,11460,,,,,,,,,
0.015224941074848175,0.19339916110038757,4.239835942651877e-06,0.704634907969341,11480,,,,,,,,,
0.01522333174943924,0.5512441992759705,4.20738272009639e-06,0.7058624949170228,11500,,,,,,,,,
0.01518978774547577,0.2079433798789978,4.1750210563126695e-06,0.7070900818647046,11520,,,,,,,,,
0.014343462884426117,0.24376848340034485,4.142751462812882e-06,0.7083176688123863,11540,,,,,,,,,
0.014930327236652375,0.19529153406620026,4.110574449653915e-06,0.7095452557600681,11560,,,,,,,,,
0.014857518672943115,0.192236989736557,4.0784905254293214e-06,0.7107728427077499,11580,,,,,,,,,
0.014159661531448365,0.3156336843967438,4.046500197261276e-06,0.7120004296554316,11600,,,,,,,,,
0.015090255439281464,0.19045288860797882,4.014603970792574e-06,0.7132280166031134,11620,,,,,,,,,
0.01371477246284485,0.2070683091878891,3.9828023501786186e-06,0.7144556035507953,11640,,,,,,,,,
0.015088650584220886,0.1722511500120163,3.951095838079466e-06,0.7156831904984771,11660,,,,,,,,,
0.014494764804840087,0.16166159510612488,3.919484935651873e-06,0.7169107774461588,11680,,,,,,,,,
0.014227245748043061,0.37432652711868286,3.8879701425413855e-06,0.7181383643938406,11700,,,,,,,,,
0.014542198181152344,0.17547117173671722,3.8565519568744305e-06,0.7193659513415224,11720,,,,,,,,,
0.01427581012248993,0.213858500123024,3.825230875250441e-06,0.7205935382892041,11740,,,,,,,,,
0.01483813375234604,0.1920870840549469,3.794007392734027e-06,0.7218211252368859,11760,,,,,,,,,
0.01423514038324356,0.20026734471321106,3.7628820028471225e-06,0.7230487121845677,11780,,,,,,,,,
0.014271287620067597,0.47661325335502625,3.731855197561204e-06,0.7242762991322494,11800,,,,,,,,,
0.014740987122058869,0.16760346293449402,3.7009274672895055e-06,0.7255038860799312,11820,,,,,,,,,
0.01444423645734787,0.2212810516357422,3.670099300879271e-06,0.726731473027613,11840,,,,,,,,,
0.014060057699680328,0.1723678857088089,3.6393711856040313e-06,0.7279590599752949,11860,,,,,,,,,
0.014843559265136719,0.19722992181777954,3.6087436071558877e-06,0.7291866469229766,11880,,,,,,,,,
0.013649997115135194,0.29264143109321594,3.57821704963786e-06,0.7304142338706584,11900,,,,,,,,,
0.014532741904258729,0.17051322758197784,3.5477919955562034e-06,0.7316418208183402,11920,,,,,,,,,
0.014441990852355957,0.18330487608909607,3.517468925812809e-06,0.7328694077660219,11940,,,,,,,,,
0.01482672244310379,0.19181309640407562,3.487248319697585e-06,0.7340969947137037,11960,,,,,,,,,
0.015130753815174102,0.19744418561458588,3.457130654880889e-06,0.7353245816613855,11980,,,,,,,,,
0.01444660872220993,0.3900015354156494,3.4271164074059847e-06,0.7365521686090672,12000,,,,,,,,,
0.014838466048240661,0.21272186934947968,3.3972060516814976e-06,0.737779755556749,12020,,,,,,,,,
0.014203992486000062,0.17821559309959412,3.3674000604739386e-06,0.7390073425044308,12040,,,,,,,,,
0.014198647439479828,0.1559719443321228,3.3376989049002153e-06,0.7402349294521126,12060,,,,,,,,,
0.015263333916664124,0.15867172181606293,3.3081030544201897e-06,0.7414625163997943,12080,,,,,,,,,
0.013607306778430939,0.34293174743652344,3.278612976829265e-06,0.7426901033474762,12100,,,,,,,,,
0.015683326125144958,0.18150518834590912,3.249229138250979e-06,0.743917690295158,12120,,,,,,,,,
0.014824174344539642,0.24021689593791962,3.2199520031296525e-06,0.7451452772428397,12140,,,,,,,,,
0.014291751384735107,0.15755122900009155,3.1907820342230334e-06,0.7463728641905215,12160,,,,,,,,,
0.014218941330909729,0.17840731143951416,3.1617196925949843e-06,0.7476004511382033,12180,,,,,,,,,
0.014373145997524261,0.391172856092453,3.1327654376082105e-06,0.748828038085885,12200,,,,,,,,,
,,,0.749441831559726,12210,0.12179411947727203,12.4686,80.201,10.025,,,,,
0.014699009060859681,0.19182369112968445,3.1039197269169774e-06,0.7500556250335668,12220,,,,,,,,,
0.013857381045818329,0.21886609494686127,3.0751830164598906e-06,0.7512832119812486,12240,,,,,,,,,
0.014073319733142853,0.1544438600540161,3.046555760452681e-06,0.7525107989289304,12260,,,,,,,,,
0.015954072773456573,0.22906680405139923,3.01803841138104e-06,0.7537383858766121,12280,,,,,,,,,
0.014124692976474762,0.5206646919250488,2.9896314199934484e-06,0.7549659728242939,12300,,,,,,,,,
0.014165209233760833,0.1670708805322647,2.9613352352940627e-06,0.7561935597719758,12320,,,,,,,,,
0.015151025354862213,0.2041071355342865,2.9331503045356156e-06,0.7574211467196575,12340,,,,,,,,,
0.01377018541097641,0.20197327435016632,2.9050770732123546e-06,0.7586487336673393,12360,,,,,,,,,
0.013286153972148895,0.18175216019153595,2.877115985052984e-06,0.7598763206150211,12380,,,,,,,,,
0.013779206573963166,0.2997051179409027,2.84926748201366e-06,0.7611039075627029,12400,,,,,,,,,
0.013656532764434815,0.18604344129562378,2.821532004271017e-06,0.7623314945103846,12420,,,,,,,,,
0.01460370421409607,0.1711975634098053,2.7939099902151854e-06,0.7635590814580664,12440,,,,,,,,,
0.015185870230197906,0.21100229024887085,2.7664018764428834e-06,0.7647866684057482,12460,,,,,,,,,
0.014142253994941711,0.22698606550693512,2.7390080977505063e-06,0.7660142553534299,12480,,,,,,,,,
0.014888955652713776,0.7033158540725708,2.7117290871272493e-06,0.7672418423011117,12500,,,,,,,,,
0.014878308773040772,0.17699363827705383,2.6845652757482867e-06,0.7684694292487935,12520,,,,,,,,,
0.014156225323677062,0.2146746963262558,2.6575170929679216e-06,0.7696970161964752,12540,,,,,,,,,
0.014439803361892701,0.1613282859325409,2.630584966312835e-06,0.7709246031441571,12560,,,,,,,,,
0.013817957043647766,0.18623614311218262,2.603769321475299e-06,0.7721521900918389,12580,,,,,,,,,
0.013788595795631409,0.40004435181617737,2.5770705823064668e-06,0.7733797770395207,12600,,,,,,,,,
0.014346848428249358,0.18703986704349518,2.5504891708096647e-06,0.7746073639872024,12620,,,,,,,,,
0.014300495386123657,0.17278845608234406,2.524025507133726e-06,0.7758349509348842,12640,,,,,,,,,
0.013986702263355254,0.15880799293518066,2.4976800095663445e-06,0.777062537882566,12660,,,,,,,,,
0.01468314379453659,0.1596888303756714,2.4714530945274727e-06,0.7782901248302477,12680,,,,,,,,,
0.013995443284511567,0.4477998614311218,2.4453451765627357e-06,0.7795177117779295,12700,,,,,,,,,
0.014201748371124267,0.1760874092578888,2.419356668336871e-06,0.7807452987256113,12720,,,,,,,,,
0.013845160603523254,0.15622644126415253,2.3934879806272114e-06,0.781972885673293,12740,,,,,,,,,
0.014502255618572235,0.19462917745113373,2.3677395223171997e-06,0.7832004726209748,12760,,,,,,,,,
0.013425636291503906,0.1765964776277542,2.342111700389912e-06,0.7844280595686567,12780,,,,,,,,,
0.01427026093006134,0.38660091161727905,2.3166049199216347e-06,0.7856556465163385,12800,,,,,,,,,
0.014459803700447083,0.18767794966697693,2.29121958407546e-06,0.7868832334640202,12820,,,,,,,,,
0.014847177267074584,0.2544836699962616,2.265956094094918e-06,0.788110820411702,12840,,,,,,,,,
0.013821128010749816,0.15467354655265808,2.2408148492976166e-06,0.7893384073593838,12860,,,,,,,,,
0.013835231959819793,0.2277263104915619,2.215796247068951e-06,0.7905659943070655,12880,,,,,,,,,
0.013628682494163514,0.32258597016334534,2.190900682855811e-06,0.7917935812547473,12900,,,,,,,,,
0.014514459669589997,0.211585134267807,2.1661285501603348e-06,0.7930211682024291,12920,,,,,,,,,
0.013829860091209411,0.1754244565963745,2.1414802405336833e-06,0.7942487551501108,12940,,,,,,,,,
0.012677238881587982,0.1633666455745697,2.1169561435698673e-06,0.7954763420977926,12960,,,,,,,,,
0.013470800220966339,0.14963310956954956,2.092556646899564e-06,0.7967039290454744,12980,,,,,,,,,
0.014060138165950775,0.5100101232528687,2.0682821361840155e-06,0.7979315159931561,13000,,,,,,,,,
0.014049239456653595,0.16455428302288055,2.044132995108914e-06,0.799159102940838,13020,,,,,,,,,
,,,0.7994046203303743,13024,0.1223641037940979,11.48,87.108,10.889,,,,,
0.013825200498104095,0.2367248684167862,2.020109605378349e-06,0.8003866898885198,13040,,,,,,,,,
0.013649170100688935,0.1838819980621338,1.9962123467087634e-06,0.8016142768362016,13060,,,,,,,,,
0.014349748194217683,0.19686120748519897,1.9724415968229705e-06,0.8028418637838833,13080,,,,,,,,,
0.013980163633823395,0.29497140645980835,1.948797731444161e-06,0.8040694507315651,13100,,,,,,,,,
0.014386254549026489,0.1780269742012024,1.925281124289976e-06,0.8052970376792469,13120,,,,,,,,,
0.013936837017536164,0.21909521520137787,1.901892147066602e-06,0.8065246246269286,13140,,,,,,,,,
0.014343824982643128,0.15168994665145874,1.8786311694628855e-06,0.8077522115746104,13160,,,,,,,,,
0.013725435733795166,0.1678348332643509,1.8554985591445074e-06,0.8089797985222922,13180,,,,,,,,,
0.01400349587202072,0.3068523406982422,1.832494681748148e-06,0.810207385469974,13200,,,,,,,,,
0.01415955126285553,0.17076826095581055,1.8096199008757342e-06,0.8114349724176557,13220,,,,,,,,,
0.014002510905265808,0.20110882818698883,1.7868745780886654e-06,0.8126625593653376,13240,,,,,,,,,
0.013653315603733063,0.16123420000076294,1.764259072902118e-06,0.8138901463130194,13260,,,,,,,,,
0.014111709594726563,0.18455834686756134,1.7417737427793567e-06,0.8151177332607011,13280,,,,,,,,,
0.013635273277759551,0.369130402803421,1.7194189431260821e-06,0.8163453202083829,13300,,,,,,,,,
0.014323832094669342,0.1651199758052826,1.6971950272848137e-06,0.8175729071560647,13320,,,,,,,,,
0.013704772293567657,0.21251721680164337,1.6751023465293127e-06,0.8188004941037464,13340,,,,,,,,,
0.014663395285606385,0.18060635030269623,1.6531412500590204e-06,0.8200280810514282,13360,,,,,,,,,
0.013868354260921478,0.21612806618213654,1.6313120849935416e-06,0.82125566799911,13380,,,,,,,,,
0.014126765727996825,0.47290873527526855,1.6096151963671558e-06,0.8224832549467918,13400,,,,,,,,,
0.01361369490623474,0.16928228735923767,1.5880509271233679e-06,0.8237108418944735,13420,,,,,,,,,
0.013839519023895264,0.2634478211402893,1.5666196181094883e-06,0.8249384288421553,13440,,,,,,,,,
0.013917665183544158,0.20021650195121765,1.5453216080712364e-06,0.8261660157898371,13460,,,,,,,,,
0.0142844557762146,0.17804169654846191,1.5241572336473986e-06,0.8273936027375189,13480,,,,,,,,,
0.013484527170658112,0.2839297354221344,1.503126829364503e-06,0.8286211896852007,13500,,,,,,,,,
0.014083559811115264,0.20105071365833282,1.482230727631523e-06,0.8298487766328825,13520,,,,,,,,,
0.01412469744682312,0.15938235819339752,1.461469258734637e-06,0.8310763635805642,13540,,,,,,,,,
0.013468657433986665,0.18144483864307404,1.4408427508319967e-06,0.832303950528246,13560,,,,,,,,,
0.014450982213020325,0.17397625744342804,1.4203515299485471e-06,0.8335315374759278,13580,,,,,,,,,
0.013416142761707306,0.3428495526313782,1.39999591997087e-06,0.8347591244236096,13600,,,,,,,,,
0.014123940467834472,0.15665459632873535,1.3797762426420701e-06,0.8359867113712913,13620,,,,,,,,,
0.01352454274892807,0.18606263399124146,1.359692817556678e-06,0.8372142983189731,13640,,,,,,,,,
0.01384364366531372,0.14646539092063904,1.339745962155613e-06,0.8384418852666549,13660,,,,,,,,,
0.013954196870326997,0.20569850504398346,1.319935991721154e-06,0.8396694722143366,13680,,,,,,,,,
0.013188916444778442,0.2948504090309143,1.3002632193719588e-06,0.8408970591620185,13700,,,,,,,,,
0.014534029364585876,0.18456301093101501,1.280727956058121e-06,0.8421246461097003,13720,,,,,,,,,
0.01407226175069809,0.19572320580482483,1.2613305105562457e-06,0.843352233057382,13740,,,,,,,,,
0.014449672400951385,0.16049475967884064,1.242071189464581e-06,0.8445798200050638,13760,,,,,,,,,
0.013378730416297913,0.16691724956035614,1.222950297198159e-06,0.8458074069527456,13780,,,,,,,,,
0.014452919363975525,0.3705081641674042,1.2039681359839884e-06,0.8470349939004274,13800,,,,,,,,,
0.014867554605007171,0.20188064873218536,1.1851250058562868e-06,0.8482625808481091,13820,,,,,,,,,
,,,0.8493674091010227,13838,0.12498266249895096,11.7528,85.086,10.636,,,,,
0.013650761544704437,0.1797463446855545,1.1664212046517243e-06,0.8494901677957909,13840,,,,,,,,,
0.01415276825428009,0.15879715979099274,1.1478570280047241e-06,0.8507177547434727,13860,,,,,,,,,
0.014115183055400849,0.19378213584423065,1.1294327693427831e-06,0.8519453416911544,13880,,,,,,,,,
0.013118579983711243,0.2991030812263489,1.1111487198818482e-06,0.8531729286388362,13900,,,,,,,,,
0.013526934385299682,0.14355522394180298,1.0930051686216958e-06,0.854400515586518,13920,,,,,,,,,
0.013275548815727234,0.2004644125699997,1.075002402341373e-06,0.8556281025341999,13940,,,,,,,,,
0.014788617193698884,0.1906406134366989,1.0571407055946637e-06,0.8568556894818816,13960,,,,,,,,,
0.013688908517360687,0.16356883943080902,1.0394203607055942e-06,0.8580832764295634,13980,,,,,,,,,
0.014208537340164185,0.44611138105392456,1.0218416477639637e-06,0.8593108633772452,14000,,,,,,,,,
0.013857445120811463,0.1521391123533249,1.0044048446209165e-06,0.8605384503249269,14020,,,,,,,,,
0.013997556269168853,0.1735234409570694,9.871102268845644e-07,0.8617660372726087,14040,,,,,,,,,
0.01422073394060135,0.182425856590271,9.699580679156139e-07,0.8629936242202905,14060,,,,,,,,,
0.013675716519355775,0.18421414494514465,9.529486388230514e-07,0.8642212111679722,14080,,,,,,,,,
0.013812942802906037,0.3404795229434967,9.360822084598598e-07,0.865448798115654,14100,,,,,,,,,
0.014267848432064056,0.18640586733818054,9.193590434187672e-07,0.8666763850633358,14120,,,,,,,,,
0.013601289689540863,0.20186473429203033,9.027794080280372e-07,0.8679039720110175,14140,,,,,,,,,
0.013842596113681794,0.236469104886055,8.86343564347284e-07,0.8691315589586994,14160,,,,,,,,,
0.013905759155750274,0.18539707362651825,8.700517721633339e-07,0.8703591459063812,14180,,,,,,,,,
0.013725209236145019,0.5455483198165894,8.539042889861193e-07,0.871586732854063,14200,,,,,,,,,
0.013500788807868957,0.1538250595331192,8.37901370044606e-07,0.8728143198017447,14220,,,,,,,,,
0.014067400991916657,0.1838008612394333,8.220432682827639e-07,0.8740419067494265,14240,,,,,,,,,
0.014466454088687897,0.19758667051792145,8.063302343555623e-07,0.8752694936971083,14260,,,,,,,,,
0.013508059084415436,0.18424412608146667,7.907625166250177e-07,0.87649708064479,14280,,,,,,,,,
0.012556727230548858,0.35613924264907837,7.753403611562549e-07,0.8777246675924718,14300,,,,,,,,,
0.013953806459903717,0.14878106117248535,7.600640117136315e-07,0.8789522545401536,14320,,,,,,,,,
0.013578154146671295,0.18083447217941284,7.449337097568754e-07,0.8801798414878353,14340,,,,,,,,,
0.01375468373298645,0.15932732820510864,7.299496944372686e-07,0.8814074284355171,14360,,,,,,,,,
0.013536757230758667,0.20667637884616852,7.151122025938739e-07,0.8826350153831989,14380,,,,,,,,,
0.013433988392353057,0.31355568766593933,7.004214687497845e-07,0.8838626023308808,14400,,,,,,,,,
0.013538390398025513,0.17343811690807343,6.858777251084237e-07,0.8850901892785625,14420,,,,,,,,,
0.013984988629817962,0.1661110669374466,6.714812015498662e-07,0.8863177762262443,14440,,,,,,,,,
0.014194159209728241,0.14506082236766815,6.572321256272107e-07,0.8875453631739261,14460,,,,,,,,,
0.013311196863651276,0.1724235564470291,6.431307225629846e-07,0.8887729501216078,14480,,,,,,,,,
0.013203014433383942,0.3918902277946472,6.291772152455766e-07,0.8900005370692896,14500,,,,,,,,,
0.013832980394363403,0.17957979440689087,6.153718242257222e-07,0.8912281240169714,14520,,,,,,,,,
0.013735462725162507,0.15177279710769653,6.017147677130098e-07,0.8924557109646531,14540,,,,,,,,,
0.013125152885913849,0.16374357044696808,5.882062615724416e-07,0.8936832979123349,14560,,,,,,,,,
0.01400018185377121,0.19709351658821106,5.748465193210084e-07,0.8949108848600167,14580,,,,,,,,,
0.013191823661327363,0.4595947861671448,5.616357521243265e-07,0.8961384718076985,14600,,,,,,,,,
0.013634498417377471,0.1629159152507782,5.485741687932933e-07,0.8973660587553803,14620,,,,,,,,,
0.01333712786436081,0.16240081191062927,5.356619757807935e-07,0.8985936457030621,14640,,,,,,,,,
,,,0.8993301978716711,14652,0.1284836083650589,11.9914,83.393,10.424,,,,,
0.01367790848016739,0.17382322251796722,5.228993771784252e-07,0.8998212326507439,14660,,,,,,,,,
0.013497295975685119,0.1908963918685913,5.102865747132813e-07,0.9010488195984256,14680,,,,,,,,,
0.01408596932888031,0.45865634083747864,4.978237677447639e-07,0.9022764065461074,14700,,,,,,,,,
0.013653434813022614,0.17651453614234924,4.855111532614265e-07,0.9035039934937892,14720,,,,,,,,,
0.013322703540325165,0.17671489715576172,4.733489258778623e-07,0.904731580441471,14740,,,,,,,,,
0.013641411066055298,0.17409400641918182,4.613372778316294e-07,0.9059591673891527,14760,,,,,,,,,
0.013536737859249115,0.16809099912643433,4.494763989802098e-07,0.9071867543368345,14780,,,,,,,,,
0.013147602975368499,0.33155909180641174,4.37766476798015e-07,0.9084143412845163,14800,,,,,,,,,
0.014131222665309907,0.17898136377334595,4.2620769637341295e-07,0.909641928232198,14820,,,,,,,,,
0.01440885365009308,0.1837330460548401,4.148002404058138e-07,0.9108695151798798,14840,,,,,,,,,
0.013608533143997192,0.17912627756595612,4.0354428920276965e-07,0.9120971021275617,14860,,,,,,,,,
0.014796094596385955,0.2012719213962555,3.924400206771339e-07,0.9133246890752434,14880,,,,,,,,,
0.01222151443362236,0.23002350330352783,3.8148761034424665e-07,0.9145522760229252,14900,,,,,,,,,
0.013588467240333557,0.16221952438354492,3.7068723131915673e-07,0.915779862970607,14920,,,,,,,,,
0.013706700503826141,0.21460720896720886,3.600390543138954e-07,0.9170074499182888,14940,,,,,,,,,
0.014349603652954101,0.17048513889312744,3.4954324763476264e-07,0.9182350368659705,14960,,,,,,,,,
0.01360020637512207,0.18093262612819672,3.39199977179685e-07,0.9194626238136523,14980,,,,,,,,,
0.013281795382499694,0.3296428918838501,3.2900940643557644e-07,0.9206902107613341,15000,,,,,,,,,
0.013725221157073975,0.20330534875392914,3.1897169647576386e-07,0.9219177977090158,15020,,,,,,,,,
0.013832443952560424,0.20035195350646973,3.0908700595744243e-07,0.9231453846566976,15040,,,,,,,,,
0.013727198541164397,0.1707756370306015,2.9935549111915875e-07,0.9243729716043794,15060,,,,,,,,,
0.013851121068000793,0.18656454980373383,2.897773057783526e-07,0.9256005585520612,15080,,,,,,,,,
0.013012787699699402,0.4108353555202484,2.803526013289171e-07,0.926828145499743,15100,,,,,,,,,
0.014127993583679199,0.15566742420196533,2.710815267388089e-07,0.9280557324474248,15120,,,,,,,,,
0.013523830473423004,0.165474072098732,2.619642285476964e-07,0.9292833193951066,15140,,,,,,,,,
0.013686202466487885,0.14199483394622803,2.530008508646364e-07,0.9305109063427883,15160,,,,,,,,,
0.013837367296218872,0.18992072343826294,2.4419153536580306e-07,0.9317384932904701,15180,,,,,,,,,
0.014146094024181367,0.34078189730644226,2.3553642129224507e-07,0.9329660802381519,15200,,,,,,,,,
0.014184752106666565,0.16377690434455872,2.270356454476863e-07,0.9341936671858336,15220,,,,,,,,,
0.013677428662776946,0.18584823608398438,2.186893421963643e-07,0.9354212541335154,15240,,,,,,,,,
0.013367076218128205,0.1549147069454193,2.1049764346090185e-07,0.9366488410811972,15260,,,,,,,,,
0.01360066533088684,0.18682880699634552,2.0246067872022656e-07,0.9378764280288789,15280,,,,,,,,,
0.013819511234760284,0.45750924944877625,1.9457857500752465e-07,0.9391040149765607,15300,,,,,,,,,
0.013397413492202758,0.1632421314716339,1.8685145690822914e-07,0.9403316019242426,15320,,,,,,,,,
0.012970112264156342,0.15374597907066345,1.7927944655805162e-07,0.9415591888719244,15340,,,,,,,,,
0.013258254528045655,0.16461992263793945,1.7186266364105587e-07,0.9427867758196061,15360,,,,,,,,,
0.012754733860492706,0.18298272788524628,1.6460122538776269e-07,0.9440143627672879,15380,,,,,,,,,
0.012932191789150237,0.43929144740104675,1.5749524657329372e-07,0.9452419497149697,15400,,,,,,,,,
0.014015978574752808,0.15795688331127167,1.505448395155662e-07,0.9464695366626514,15420,,,,,,,,,
0.013998056948184966,0.3836706578731537,1.4375011407350646e-07,0.9476971236103332,15440,,,,,,,,,
0.013255022466182709,0.17648498713970184,1.3711117764532488e-07,0.948924710558015,15460,,,,,,,,,
,,,0.9492929866423195,15466,0.12712444365024567,11.9863,83.429,10.429,,,,,
0.013943448662757874,0.16703172028064728,1.3062813516680928e-07,0.9501522975056967,15480,,,,,,,,,
0.01353137642145157,0.4301762282848358,1.2430108910967298e-07,0.9513798844533785,15500,,,,,,,,,
0.01284831464290619,0.17955411970615387,1.1813013947992835e-07,0.9526074714010603,15520,,,,,,,,,
0.01330171525478363,0.1939399689435959,1.121153838163136e-07,0.9538350583487422,15540,,,,,,,,,
0.014260239899158478,0.2400008738040924,1.0625691718874287e-07,0.9550626452964239,15560,,,,,,,,,
0.013781893253326415,0.17522788047790527,1.0055483219681083e-07,0.9562902322441057,15580,,,,,,,,,
0.013560481369495392,0.4297043979167938,9.500921896832605e-08,0.9575178191917875,15600,,,,,,,,,
0.013757844269275666,0.18256491422653198,8.962016515788651e-08,0.9587454061394692,15620,,,,,,,,,
0.014300510287284851,0.1978522390127182,8.438775594549309e-08,0.959972993087151,15640,,,,,,,,,
0.013478858768939972,0.15830934047698975,7.931207403520381e-08,0.9612005800348328,15660,,,,,,,,,
0.012344279140233994,0.1939650923013687,7.439319965383052e-08,0.9624281669825145,15680,,,,,,,,,
0.013888365030288697,0.4062888026237488,6.963121054966104e-08,0.9636557539301963,15700,,,,,,,,,
0.013810119032859803,0.2002449780702591,6.502618199124344e-08,0.9648833408778781,15720,,,,,,,,,
0.014067830145359039,0.2060469537973404,6.057818676618477e-08,0.9661109278255599,15740,,,,,,,,,
0.013075672090053558,0.17038144171237946,5.6287295180005305e-08,0.9673385147732416,15760,,,,,,,,,
0.01393054723739624,0.21933670341968536,5.2153575055031716e-08,0.9685661017209235,15780,,,,,,,,,
0.013362132012844086,0.310718297958374,4.817709172931562e-08,0.9697936886686053,15800,,,,,,,,,
0.013178263604640961,0.15390171110630035,4.43579080556078e-08,0.971021275616287,15820,,,,,,,,,
0.013385939598083495,0.1937277466058731,4.069608440036343e-08,0.9722488625639688,15840,,,,,,,,,
0.013370294868946076,0.17155592143535614,3.719167864278506e-08,0.9734764495116506,15860,,,,,,,,,
0.013504073023796082,0.18203599750995636,3.384474617391109e-08,0.9747040364593323,15880,,,,,,,,,
0.012586607038974762,0.34487205743789673,3.065533989573988e-08,0.9759316234070141,15900,,,,,,,,,
0.013068313896656036,0.18808087706565857,2.762351022039256e-08,0.9771592103546959,15920,,,,,,,,,
0.013986219465732575,0.20127849280834198,2.4749305069315942e-08,0.9783867973023777,15940,,,,,,,,,
0.01337868720293045,0.1879318207502365,2.203276987252534e-08,0.9796143842500594,15960,,,,,,,,,
0.014202630519866944,0.19877365231513977,1.947394756788623e-08,0.9808419711977412,15980,,,,,,,,,
0.014175313711166381,0.379254549741745,1.707287860043816e-08,0.9820695581454231,16000,,,,,,,,,
0.013791032135486603,0.17422430217266083,1.4829600921750787e-08,0.9832971450931048,16020,,,,,,,,,
0.01356561779975891,0.19073204696178436,1.2744149989328824e-08,0.9845247320407866,16040,,,,,,,,,
0.013653628528118134,0.16952235996723175,1.0816558766049146e-08,0.9857523189884684,16060,,,,,,,,,
0.013904176652431488,0.20206838846206665,9.046857719636759e-09,0.9869799059361501,16080,,,,,,,,,
0.013322632014751434,0.32900580763816833,7.435074822191857e-09,0.9882074928838319,16100,,,,,,,,,
0.013390205800533295,0.19562765955924988,5.981235549736841e-09,0.9894350798315137,16120,,,,,,,,,
0.01257093995809555,0.19770602881908417,4.6853628818233075e-09,0.9906626667791955,16140,,,,,,,,,
0.014439630508422851,0.18239374458789825,3.5474773011623387e-09,0.9918902537268772,16160,,,,,,,,,
0.013397912681102752,0.18136586248874664,2.5675967933047607e-09,0.993117840674559,16180,,,,,,,,,
0.012454722076654434,0.3617831766605377,1.745736846352486e-09,0.9943454276222408,16200,,,,,,,,,
0.014280398190021516,0.15836578607559204,1.081910450718704e-09,0.9955730145699225,16220,,,,,,,,,
0.013544699549674988,0.1833699643611908,5.761280989191598e-10,0.9968006015176044,16240,,,,,,,,,
0.013695962727069855,0.2162151038646698,2.2839778540784118e-10,0.9980281884652862,16260,,,,,,,,,
0.013665452599525452,0.17361298203468323,3.8725006449302774e-11,0.999255775412968,16280,,,,,,,,,
,,,0.999255775412968,16280,0.12682722508907318,11.1764,89.474,11.184,,,,,
,,,1.0,16293,0.12683090567588806,11.1715,89.514,11.189,,,,,
,,,1.0,16293,,,,,17303.0175,60.261,0.942,1.300148061248467e+18,0.023530858889919966
