epoch,grad_norm,learning_rate,loss,step,eval_loss,eval_runtime,eval_samples_per_second,eval_steps_per_second
0.0012302014454866985,65.65840148925781,7.78688524590164e-07,10.990852355957031,20,,,,
0.002460402890973397,20.229022979736328,1.5983606557377053e-06,7.748740386962891,40,,,,
0.003690604336460095,11.388222694396973,2.418032786885246e-06,5.912455368041992,60,,,,
0.004920805781946794,10.176234245300293,3.2377049180327876e-06,4.876627349853516,80,,,,
0.006151007227433492,9.577549934387207,4.057377049180329e-06,4.152706909179687,100,,,,
0.00738120867292019,13.310670852661133,4.877049180327869e-06,3.7415695190429688,120,,,,
0.008611410118406888,23.860864639282227,5.696721311475411e-06,3.4585803985595702,140,,,,
0.009841611563893588,14.518980979919434,6.516393442622952e-06,3.265911102294922,160,,,,
0.011071813009380286,14.043843269348145,7.336065573770492e-06,3.0854063034057617,180,,,,
0.012302014454866984,17.384428024291992,8.155737704918034e-06,2.9305419921875,200,,,,
0.013532215900353682,20.894466400146484,8.975409836065575e-06,2.801970863342285,220,,,,
0.01476241734584038,22.249866485595703,9.795081967213116e-06,2.7112186431884764,240,,,,
0.01599261879132708,17.994876861572266,1.0614754098360655e-05,2.6494419097900392,260,,,,
0.017222820236813777,14.752909660339355,1.1434426229508198e-05,2.5325958251953127,280,,,,
0.018453021682300477,16.30573272705078,1.2254098360655739e-05,2.455173683166504,300,,,,
0.019683223127787176,10.319367408752441,1.3073770491803278e-05,2.348316192626953,320,,,,
0.020913424573273873,16.28463363647461,1.3893442622950821e-05,2.2693660736083983,340,,,,
0.022143626018760573,16.267763137817383,1.471311475409836e-05,2.1767229080200194,360,,,,
0.02337382746424727,13.48360538482666,1.5532786885245903e-05,2.0641136169433594,380,,,,
0.02460402890973397,15.935227394104004,1.6352459016393446e-05,1.9779930114746094,400,,,,
0.02583423035522067,15.796675682067871,1.7172131147540985e-05,1.8687009811401367,420,,,,
0.027064431800707365,12.117204666137695,1.7991803278688528e-05,1.7601430892944336,440,,,,
0.028294633246194065,8.855049133300781,1.8811475409836068e-05,1.6662263870239258,460,,,,
0.02952483469168076,12.12883186340332,1.9631147540983607e-05,1.5556857109069824,480,,,,
0.03075503613716746,13.089670181274414,1.9999975990033196e-05,1.430483627319336,500,,,,
0.03198523758265416,14.087024688720703,1.999980930980166e-05,1.3647401809692383,520,,,,
0.03321543902814086,6.826317310333252,1.9999483889161504e-05,1.254445457458496,540,,,,
0.03444564047362755,8.165084838867188,1.9998999733278574e-05,1.1916281700134277,560,,,,
0.03567584191911426,5.138736248016357,1.9998356849838518e-05,1.069722843170166,580,,,,
0.03690604336460095,8.662753105163574,1.9997555249046697e-05,1.0078155517578125,600,,,,
0.03813624481008765,6.988979339599609,1.9996594943627993e-05,0.9484837532043457,620,,,,
0.03936644625557435,3.8292317390441895,1.9995475948826626e-05,0.8665782928466796,640,,,,
0.04059664770106105,7.318012237548828,1.99941982824059e-05,0.808449649810791,660,,,,
0.041826849146547745,4.610509395599365,1.9992761964647937e-05,0.7514694213867188,680,,,,
0.04305705059203445,9.214256286621094,1.9991167018353336e-05,0.7072697162628174,700,,,,
0.044287252037521145,4.131278991699219,1.9989413468840818e-05,0.6769425392150878,720,,,,
0.04551745348300784,3.425894021987915,1.998750134394684e-05,0.6200625896453857,740,,,,
0.04674765492849454,3.6428189277648926,1.9985430674025118e-05,0.5999877452850342,760,,,,
0.04797785637398124,3.024040937423706,1.998320149194619e-05,0.5437225818634033,780,,,,
0.04920805781946794,7.2448225021362305,1.998081383309685e-05,0.5248294830322265,800,,,,
0.04920805781946794,,,,800,0.27979961037635803,9.7385,205.371,12.836
0.050438259264954634,2.9084692001342773,1.9978267735379613e-05,0.5081623077392579,820,,,,
0.05166846071044134,3.2087817192077637,1.9975563239212114e-05,0.474324369430542,840,,,,
0.05289866215592803,3.4020731449127197,1.9972700387526456e-05,0.4552250862121582,860,,,,
0.05412886360141473,2.736666440963745,1.9969679225768523e-05,0.4339109420776367,880,,,,
0.05535906504690143,7.550321102142334,1.9966499801897282e-05,0.41630024909973146,900,,,,
0.05658926649238813,2.6469593048095703,1.9963162166383995e-05,0.4083460807800293,920,,,,
0.057819467937874826,2.8298211097717285,1.995966637221144e-05,0.3887234926223755,940,,,,
0.05904966938336152,3.11545729637146,1.9956012474873046e-05,0.3872884035110474,960,,,,
0.060279870828848225,3.605194091796875,1.9952200532372044e-05,0.3674692392349243,980,,,,
0.06151007227433492,7.063111305236816,1.9948230605220516e-05,0.34642620086669923,1000,,,,
0.06274027371982162,3.5618948936462402,1.9944102756438447e-05,0.3507604837417603,1020,,,,
0.06397047516530832,2.847323417663574,1.9939817051552727e-05,0.33988776206970217,1040,,,,
0.06520067661079501,2.175156831741333,1.9935373558596113e-05,0.33595502376556396,1060,,,,
0.06643087805628171,2.3493053913116455,1.9930772348106132e-05,0.3209318876266479,1080,,,,
0.06766107950176842,5.150381088256836,1.9926013493123982e-05,0.30200538635253904,1100,,,,
0.0688912809472551,2.311464309692383,1.9921097069193366e-05,0.31791956424713136,1120,,,,
0.07012148239274181,2.7861685752868652,1.9916023154359283e-05,0.29056077003479003,1140,,,,
0.07135168383822851,2.513538122177124,1.99107918291668e-05,0.3008390426635742,1160,,,,
0.0725818852837152,2.879699945449829,1.9905403176659776e-05,0.2762842893600464,1180,,,,
0.0738120867292019,5.865645885467529,1.9899857282379522e-05,0.27311627864837645,1200,,,,
0.07504228817468861,2.0014235973358154,1.9894154234363477e-05,0.2759740114212036,1220,,,,
0.0762724896201753,2.177152395248413,1.9888294123143782e-05,0.26412436962127683,1240,,,,
0.077502691065662,2.4097015857696533,1.988227704174586e-05,0.26989524364471434,1260,,,,
0.0787328925111487,2.8465702533721924,1.9876103085686923e-05,0.2556427001953125,1280,,,,
0.0799630939566354,7.362581729888916,1.986977235297447e-05,0.25593841075897217,1300,,,,
0.0811932954021221,2.6967272758483887,1.9863284944104735e-05,0.27323060035705565,1320,,,,
0.0824234968476088,2.871796131134033,1.9856640962061067e-05,0.24349305629730225,1340,,,,
0.08365369829309549,2.592264413833618,1.984984051231232e-05,0.2523661613464355,1360,,,,
0.0848838997385822,2.5167667865753174,1.9842883702811174e-05,0.24232981204986573,1380,,,,
0.0861141011840689,4.4540910720825195,1.9835770643992413e-05,0.23204996585845947,1400,,,,
0.08734430262955559,2.3753387928009033,1.9828501448771175e-05,0.25999677181243896,1420,,,,
0.08857450407504229,2.4296765327453613,1.9821076232541163e-05,0.22731611728668213,1440,,,,
0.089804705520529,2.3635599613189697,1.981349511317281e-05,0.2451104164123535,1460,,,,
0.09103490696601568,2.2684624195098877,1.9805758211011406e-05,0.23244686126708985,1480,,,,
0.09226510841150239,4.172557353973389,1.97978656488752e-05,0.21209170818328857,1500,,,,
0.09349530985698908,2.070319652557373,1.9789817552053433e-05,0.22606141567230226,1520,,,,
0.09472551130247578,2.2579832077026367,1.9781614048304356e-05,0.21536078453063964,1540,,,,
0.09595571274796248,2.193859815597534,1.9773255267853213e-05,0.22693791389465331,1560,,,,
0.09718591419344917,2.0793466567993164,1.9764741343390148e-05,0.214738130569458,1580,,,,
0.09841611563893587,3.1576902866363525,1.975607241006813e-05,0.20690224170684815,1600,,,,
0.09841611563893587,,,,1600,0.1628040075302124,6.802,294.033,18.377
0.09964631708442258,2.1705758571624756,1.974724860550078e-05,0.22798492908477783,1620,,,,
0.10087651852990927,2.524813413619995,1.973827006976021e-05,0.19607805013656615,1640,,,,
0.10210671997539597,2.017233371734619,1.9729136945374772e-05,0.22106094360351564,1660,,,,
0.10333692142088267,1.6785920858383179,1.9719849377326826e-05,0.20273587703704835,1680,,,,
0.10456712286636936,7.153075695037842,1.9710407513050417e-05,0.20333330631256102,1700,,,,
0.10579732431185607,2.517655611038208,1.9700811502428942e-05,0.20898303985595704,1720,,,,
0.10702752575734277,2.55511474609375,1.9691061497792774e-05,0.19950081110000611,1740,,,,
0.10825772720282946,2.035383701324463,1.968115765391683e-05,0.21232001781463622,1760,,,,
0.10948792864831616,1.6952308416366577,1.9671100128018136e-05,0.19763238430023194,1780,,,,
0.11071813009380287,4.031510353088379,1.9660889079753312e-05,0.1919078826904297,1800,,,,
0.11194833153928956,2.315222978591919,1.9650524671216046e-05,0.20535686016082763,1820,,,,
0.11317853298477626,2.9949734210968018,1.964000706693452e-05,0.19459303617477416,1840,,,,
0.11440873443026296,2.195466995239258,1.9629336433868796e-05,0.2010101556777954,1860,,,,
0.11563893587574965,2.162757635116577,1.961851294140817e-05,0.1926554560661316,1880,,,,
0.11686913732123635,5.225962162017822,1.9607536761368484e-05,0.18137733936309813,1900,,,,
0.11809933876672304,2.1608638763427734,1.9596408067989386e-05,0.19794125556945802,1920,,,,
0.11932954021220975,2.299739360809326,1.958512703793158e-05,0.1852178692817688,1940,,,,
0.12055974165769645,1.7984192371368408,1.9573693850274017e-05,0.19961442947387695,1960,,,,
0.12178994310318314,2.190518856048584,1.9562108686511038e-05,0.1916133999824524,1980,,,,
0.12302014454866984,2.3852016925811768,1.9550371730549517e-05,0.17284445762634276,2000,,,,
0.12425034599415655,1.8726117610931396,1.953848316870593e-05,0.19369728565216066,2020,,,,
0.12548054743964324,2.2184786796569824,1.9526443189703384e-05,0.18000850677490235,2040,,,,
0.12671074888512995,2.0888452529907227,1.9514251984668645e-05,0.1920295000076294,2060,,,,
0.12794095033061664,1.9708813428878784,1.9501909747129092e-05,0.18052111864089965,2080,,,,
0.12917115177610333,3.480790376663208,1.9489416673009646e-05,0.17004916667938233,2100,,,,
0.13040135322159002,2.0688316822052,1.9476772960629654e-05,0.1946522831916809,2120,,,,
0.13163155466707674,2.327840566635132,1.9463978810699752e-05,0.16928248405456542,2140,,,,
0.13286175611256343,1.7956324815750122,1.945103442631867e-05,0.17854371070861816,2160,,,,
0.13409195755805012,1.985994815826416,1.9437940012970014e-05,0.182746422290802,2180,,,,
0.13532215900353683,3.785783290863037,1.9424695778519004e-05,0.17105536460876464,2200,,,,
0.13655236044902352,1.661967396736145,1.941130193320916e-05,0.1882667660713196,2220,,,,
0.1377825618945102,2.897130012512207,1.939775868965899e-05,0.17253483533859254,2240,,,,
0.13901276333999693,2.1350677013397217,1.9384066262858593e-05,0.1840790867805481,2260,,,,
0.14024296478548362,2.1270599365234375,1.937022487016626e-05,0.1710883378982544,2280,,,,
0.1414731662309703,7.18776273727417,1.9356234731305007e-05,0.17220338582992553,2300,,,,
0.14270336767645703,1.9623364210128784,1.9342096068359114e-05,0.1821737289428711,2320,,,,
0.14393356912194372,2.02189040184021,1.9327809105770566e-05,0.1615307331085205,2340,,,,
0.1451637705674304,2.2822654247283936,1.931337407033552e-05,0.1752208113670349,2360,,,,
0.14639397201291712,1.7269072532653809,1.9298791191200687e-05,0.1728770136833191,2380,,,,
0.1476241734584038,5.129378795623779,1.92840606998597e-05,0.16001185178756713,2400,,,,
0.1476241734584038,,,,2400,0.13885009288787842,6.3446,315.229,19.702
0.1488543749038905,1.9211013317108154,1.9269182830149442e-05,0.17836782932281495,2420,,,,
0.15008457634937722,1.9173365831375122,1.9254157818246324e-05,0.17289743423461915,2440,,,,
0.1513147777948639,2.0422379970550537,1.923898590266255e-05,0.1760401487350464,2460,,,,
0.1525449792403506,1.6253879070281982,1.922366732424232e-05,0.15896053314208985,2480,,,,
0.15377518068583731,4.26978063583374,1.9208202326158014e-05,0.15615848302841187,2500,,,,
0.155005382131324,1.9016724824905396,1.9192591153906315e-05,0.1662670373916626,2520,,,,
0.1562355835768107,2.0741498470306396,1.917683405530435e-05,0.16557235717773439,2540,,,,
0.1574657850222974,1.9501267671585083,1.9160931280485704e-05,0.1756359338760376,2560,,,,
0.1586959864677841,2.879876136779785,1.914488308189649e-05,0.1721372127532959,2580,,,,
0.1599261879132708,4.342428684234619,1.9128689714291333e-05,0.1586562991142273,2600,,,,
0.1611563893587575,1.990478515625,1.9112351434729302e-05,0.18321309089660645,2620,,,,
0.1623865908042442,2.2707817554473877,1.9095868502569873e-05,0.1565482497215271,2640,,,,
0.16361679224973089,2.011681079864502,1.9079241179468762e-05,0.17377445697784424,2660,,,,
0.1648469936952176,1.6309242248535156,1.9062469729373824e-05,0.15963906049728394,2680,,,,
0.1660771951407043,7.132142543792725,1.9045554418520802e-05,0.16038413047790528,2700,,,,
0.16730739658619098,2.1148037910461426,1.9028495515429163e-05,0.1655768036842346,2720,,,,
0.1685375980316777,1.9961415529251099,1.9011293290897792e-05,0.16043503284454347,2740,,,,
0.1697677994771644,1.6741712093353271,1.8993948018000713e-05,0.16949795484542846,2760,,,,
0.17099800092265108,1.748731017112732,1.897645997208275e-05,0.16583939790725707,2780,,,,
0.1722282023681378,3.817681312561035,1.8958829430755148e-05,0.15549590587615966,2800,,,,
0.17345840381362448,1.468957781791687,1.894105667389118e-05,0.1671529531478882,2820,,,,
0.17468860525911117,1.8049368858337402,1.892314198362169e-05,0.1549257755279541,2840,,,,
0.1759188067045979,1.8995754718780518,1.890508564433063e-05,0.15547986030578614,2860,,,,
0.17714900815008458,1.7516909837722778,1.888688794265053e-05,0.16035643815994263,2880,,,,
0.17837920959557127,3.115288019180298,1.8868549167457968e-05,0.14858211278915406,2900,,,,
0.179609411041058,1.817138671875,1.8850069609868953e-05,0.17030854225158693,2920,,,,
0.18083961248654468,2.22617769241333,1.8831449563234333e-05,0.15691715478897095,2940,,,,
0.18206981393203137,2.4147558212280273,1.8812689323135128e-05,0.16478567123413085,2960,,,,
0.18330001537751806,1.5139151811599731,1.879378918737783e-05,0.1549724221229553,2980,,,,
0.18453021682300477,3.0533204078674316,1.8774749455989693e-05,0.1466132640838623,3000,,,,
0.18576041826849146,1.888590693473816,1.875557043121395e-05,0.1659368872642517,3020,,,,
0.18699061971397815,1.9002342224121094,1.8736252417505038e-05,0.15106977224349977,3040,,,,
0.18822082115946487,1.5201340913772583,1.871679572152373e-05,0.1607017159461975,3060,,,,
0.18945102260495156,1.4273743629455566,1.8697200652132317e-05,0.15377010107040406,3080,,,,
0.19068122405043825,3.5213136672973633,1.8677467520389655e-05,0.14301961660385132,3100,,,,
0.19191142549592496,1.579727053642273,1.8657596639546255e-05,0.16585102081298828,3120,,,,
0.19314162694141165,2.2322232723236084,1.863758832503931e-05,0.14539703130722045,3140,,,,
0.19437182838689834,1.5022388696670532,1.861744289448768e-05,0.15761228799819946,3160,,,,
0.19560202983238506,2.0213139057159424,1.859716066768685e-05,0.15787161588668824,3180,,,,
0.19683223127787175,4.615617275238037,1.8576741966603852e-05,0.14117637872695923,3200,,,,
0.19683223127787175,,,,3200,0.12373759597539902,6.3517,314.877,19.68
0.19806243272335844,2.007660150527954,1.855618711537217e-05,0.16461477279663086,3220,,,,
0.19929263416884516,1.2212116718292236,1.853549644028657e-05,0.1351798415184021,3240,,,,
0.20052283561433185,1.3455677032470703,1.8514670269797936e-05,0.15649014711380005,3260,,,,
0.20175303705981854,1.7603347301483154,1.849370893450806e-05,0.15033804178237914,3280,,,,
0.20298323850530525,4.098443508148193,1.847261276716437e-05,0.13960638046264648,3300,,,,
0.20421343995079194,1.8735992908477783,1.8451382102654683e-05,0.1677251100540161,3320,,,,
0.20544364139627863,1.542446255683899,1.8430017278001856e-05,0.14480735063552858,3340,,,,
0.20667384284176535,1.700925588607788,1.8408518632358458e-05,0.15782126188278198,3360,,,,
0.20790404428725204,1.4519976377487183,1.838688650700138e-05,0.14237406253814697,3380,,,,
0.20913424573273873,3.9092917442321777,1.8365121245326405e-05,0.14647047519683837,3400,,,,
0.21036444717822544,1.9370695352554321,1.834322319284278e-05,0.15712844133377074,3420,,,,
0.21159464862371213,1.5940138101577759,1.8321192697167708e-05,0.14319257736206054,3440,,,,
0.21282485006919882,1.7078863382339478,1.8299030108020856e-05,0.15945210456848144,3460,,,,
0.21405505151468554,1.486212134361267,1.827673577721877e-05,0.14994170665740966,3480,,,,
0.21528525296017223,2.625365734100342,1.825431005866932e-05,0.14317880868911742,3500,,,,
0.21651545440565892,2.8293206691741943,1.8231753308366067e-05,0.16182628870010377,3520,,,,
0.21774565585114564,2.216949701309204,1.8209065884382613e-05,0.14135433435440065,3540,,,,
0.21897585729663233,1.5742183923721313,1.8186248146866928e-05,0.14848012924194337,3560,,,,
0.22020605874211902,1.5674562454223633,1.8163300458035603e-05,0.15241560935974122,3580,,,,
0.22143626018760573,3.3859965801239014,1.814022318216815e-05,0.1459712028503418,3600,,,,
0.22266646163309242,1.4296293258666992,1.8117016685601166e-05,0.15734848976135254,3620,,,,
0.2238966630785791,1.500679850578308,1.8093681336722553e-05,0.14292020797729493,3640,,,,
0.22512686452406583,1.8665045499801636,1.8070217505965656e-05,0.14881502389907836,3660,,,,
0.22635706596955252,1.5707945823669434,1.8046625565803385e-05,0.14371360540390016,3680,,,,
0.2275872674150392,4.504487991333008,1.8022905890742307e-05,0.140414035320282,3700,,,,
0.22881746886052592,1.6750036478042603,1.799905885731669e-05,0.15430251359939576,3720,,,,
0.2300476703060126,1.7118940353393555,1.7975084844082535e-05,0.13394103050231934,3740,,,,
0.2312778717514993,1.491546392440796,1.7950984231611562e-05,0.15097757577896118,3760,,,,
0.232508073196986,1.6654901504516602,1.7926757402485186e-05,0.14597067832946778,3780,,,,
0.2337382746424727,2.344597101211548,1.7902404741288403e-05,0.13943395614624024,3800,,,,
0.2349684760879594,1.471427321434021,1.787792663460373e-05,0.1572375178337097,3820,,,,
0.2361986775334461,2.7290544509887695,1.7853323471005044e-05,0.13665255308151245,3840,,,,
0.2374288789789328,1.7325161695480347,1.782859564105141e-05,0.15223571062088012,3860,,,,
0.2386590804244195,1.4226288795471191,1.7803743537280904e-05,0.14641518592834474,3880,,,,
0.23988928186990618,2.6961631774902344,1.7778767554204353e-05,0.1356821060180664,3900,,,,
0.2411194833153929,1.6091004610061646,1.77536680882991e-05,0.14924417734146117,3920,,,,
0.2423496847608796,1.6208239793777466,1.7728445538002684e-05,0.1392289400100708,3940,,,,
0.24357988620636628,1.7314496040344238,1.770310030370654e-05,0.14731498956680297,3960,,,,
0.244810087651853,1.3840253353118896,1.767763278774962e-05,0.140617835521698,3980,,,,
0.2460402890973397,2.3203508853912354,1.7652043394412022e-05,0.1383283853530884,4000,,,,
0.2460402890973397,,,,4000,0.11830534785985947,6.9534,287.629,17.977
0.24727049054282638,1.3807395696640015,1.762633252990857e-05,0.1457492232322693,4020,,,,
0.2485006919883131,1.4590641260147095,1.7600500602382363e-05,0.13891594409942626,4040,,,,
0.24973089343379978,1.7236028909683228,1.757454802189829e-05,0.14846255779266357,4060,,,,
0.2509610948792865,1.4988621473312378,1.754847520043653e-05,0.14188364744186402,4080,,,,
0.25219129632477316,3.569176197052002,1.752228255188601e-05,0.13270443677902222,4100,,,,
0.2534214977702599,1.7463688850402832,1.7495970492037835e-05,0.1498854160308838,4120,,,,
0.2546516992157466,1.8762952089309692,1.746953943857868e-05,0.13202762603759766,4140,,,,
0.2558819006612333,1.34192955493927,1.7442989811084166e-05,0.14727928638458251,4160,,,,
0.25711210210672,2.0821025371551514,1.7416322031012202e-05,0.13991315364837648,4180,,,,
0.25834230355220666,3.162093162536621,1.7389536521696295e-05,0.13303098678588868,4200,,,,
0.25957250499769335,1.5183117389678955,1.736263370833882e-05,0.1431146740913391,4220,,,,
0.26080270644318004,1.766653060913086,1.733561401800428e-05,0.1354019045829773,4240,,,,
0.2620329078886668,2.0932252407073975,1.7308477879612527e-05,0.1386403799057007,4260,,,,
0.2632631093341535,1.6820838451385498,1.7281225723931933e-05,0.14317688941955567,4280,,,,
0.26449331077964017,1.5780882835388184,1.725385798357259e-05,0.1275666356086731,4300,,,,
0.26572351222512686,1.451855182647705,1.7226375092979416e-05,0.14802218675613404,4320,,,,
0.26695371367061355,1.5631139278411865,1.7198777488425244e-05,0.13570055961608887,4340,,,,
0.26818391511610024,1.8415019512176514,1.717106560800394e-05,0.13683496713638305,4360,,,,
0.269414116561587,1.4985240697860718,1.714323989162341e-05,0.14904465675354003,4380,,,,
0.27064431800707367,3.9822440147399902,1.711530078099864e-05,0.1351258635520935,4400,,,,
0.27187451945256036,1.9297596216201782,1.708724871964467e-05,0.1533933162689209,4420,,,,
0.27310472089804705,1.3497908115386963,1.705908415286956e-05,0.1347213864326477,4440,,,,
0.27433492234353374,1.5156329870224,1.703080752776732e-05,0.13661798238754272,4460,,,,
0.2755651237890204,1.678819179534912,1.700241929321081e-05,0.135168719291687,4480,,,,
0.2767953252345072,3.8956873416900635,1.6973919899844617e-05,0.12414053678512574,4500,,,,
0.27802552667999386,1.2864211797714233,1.6945309800077906e-05,0.14201109409332274,4520,,,,
0.27925572812548055,1.4993938207626343,1.691658944807723e-05,0.1376306414604187,4540,,,,
0.28048592957096724,1.6079185009002686,1.6887759299759325e-05,0.1404819130897522,4560,,,,
0.28171613101645393,1.6433223485946655,1.685881981278387e-05,0.1344287395477295,4580,,,,
0.2829463324619406,2.9547009468078613,1.682977144654622e-05,0.14118852615356445,4600,,,,
0.28417653390742736,1.577704668045044,1.6800614662170125e-05,0.1504271388053894,4620,,,,
0.28540673535291405,1.4622796773910522,1.67713499225004e-05,0.136044180393219,4640,,,,
0.28663693679840074,1.4649810791015625,1.674197769209557e-05,0.13536902666091918,4660,,,,
0.28786713824388743,1.2474806308746338,1.6712498437220516e-05,0.13346036672592163,4680,,,,
0.2890973396893741,3.5147292613983154,1.6682912625839053e-05,0.13127874135971068,4700,,,,
0.2903275411348608,1.198874592781067,1.6653220727606526e-05,0.14362622499465943,4720,,,,
0.29155774258034756,1.5497231483459473,1.6623423213862325e-05,0.12636767625808715,4740,,,,
0.29278794402583425,1.514499306678772,1.6593520557622414e-05,0.13602577447891234,4760,,,,
0.29401814547132094,1.4082199335098267,1.6563513233571836e-05,0.14280312061309813,4780,,,,
0.2952483469168076,3.1791117191314697,1.6533401718057164e-05,0.12962313890457153,4800,,,,
0.2952483469168076,,,,4800,0.11167441308498383,6.3174,316.584,19.786
0.2964785483622943,1.4398512840270996,1.650318648907894e-05,0.13730281591415405,4820,,,,
0.297708749807781,1.552071213722229,1.647286802628409e-05,0.12958123683929443,4840,,,,
0.29893895125326775,1.451789140701294,1.644244681095831e-05,0.13618550300598145,4860,,,,
0.30016915269875444,1.4624723196029663,1.641192332601842e-05,0.13287113904953002,4880,,,,
0.3013993541442411,3.076258420944214,1.638129805600471e-05,0.1279360294342041,4900,,,,
0.3026295555897278,1.182955265045166,1.6350571487073238e-05,0.14326401948928832,4920,,,,
0.3038597570352145,1.6460497379302979,1.6319744106988114e-05,0.12158992290496826,4940,,,,
0.3050899584807012,1.6388750076293945,1.6288816405113764e-05,0.13281193971633912,4960,,,,
0.30632015992618794,1.3244280815124512,1.6257788872407153e-05,0.14494611024856568,4980,,,,
0.30755036137167463,2.720886707305908,1.622666200140999e-05,0.12077161073684692,5000,,,,
0.3087805628171613,1.8211804628372192,1.6195436286240923e-05,0.14447450637817383,5020,,,,
0.310010764262648,1.8837318420410156,1.6164112222587688e-05,0.12762484550476075,5040,,,,
0.3112409657081347,1.7357341051101685,1.613269030769922e-05,0.14012036323547364,5060,,,,
0.3124711671536214,1.861717700958252,1.6101171040377808e-05,0.13619046211242675,5080,,,,
0.3137013685991081,2.505575180053711,1.606955492097112e-05,0.1272965669631958,5100,,,,
0.3149315700445948,1.5213537216186523,1.60378424513643e-05,0.1425051808357239,5120,,,,
0.3161617714900815,1.6474591493606567,1.6006034134971988e-05,0.12365456819534301,5140,,,,
0.3173919729355682,1.3083871603012085,1.597413047673032e-05,0.14654209613800048,5160,,,,
0.3186221743810549,1.2547366619110107,1.5942131983088942e-05,0.1298750162124634,5180,,,,
0.3198523758265416,1.6747169494628906,1.591003916200292e-05,0.12550297975540162,5200,,,,
0.32108257727202827,1.2074893712997437,1.5877852522924733e-05,0.14246764183044433,5220,,,,
0.322312778717515,1.3218111991882324,1.5845572576796145e-05,0.1273459792137146,5240,,,,
0.3235429801630017,1.4178578853607178,1.5813199836040106e-05,0.1347034215927124,5260,,,,
0.3247731816084884,3.6778550148010254,1.578073481455263e-05,0.13395562171936035,5280,,,,
0.3260033830539751,3.564682722091675,1.5748178027694626e-05,0.13231873512268066,5300,,,,
0.32723358449946177,1.7739968299865723,1.5715529992283704e-05,0.14124184846878052,5320,,,,
0.32846378594494846,1.1587300300598145,1.5682791226586006e-05,0.1246372938156128,5340,,,,
0.3296939873904352,1.5144914388656616,1.564996225030794e-05,0.1331765055656433,5360,,,,
0.3309241888359219,1.4700759649276733,1.5617043584587955e-05,0.1307855248451233,5380,,,,
0.3321543902814086,3.3279361724853516,1.5584035751988262e-05,0.12411255836486816,5400,,,,
0.3333845917268953,1.6196942329406738,1.5550939276486533e-05,0.135122811794281,5420,,,,
0.33461479317238196,1.0908347368240356,1.5517754683467595e-05,0.12407060861587524,5440,,,,
0.33584499461786865,1.295196771621704,1.548448249971508e-05,0.13731096982955932,5460,,,,
0.3370751960633554,1.0408433675765991,1.545112325340306e-05,0.138812255859375,5480,,,,
0.3383053975088421,2.9164180755615234,1.5417677474087675e-05,0.11721224784851074,5500,,,,
0.3395355989543288,1.3904943466186523,1.5384145692698713e-05,0.1343288540840149,5520,,,,
0.34076580039981547,1.6258436441421509,1.53505284415312e-05,0.12436882257461548,5540,,,,
0.34199600184530216,1.5249605178833008,1.5316826254236922e-05,0.13978792428970338,5560,,,,
0.34322620329078884,1.3555402755737305,1.5283039665815984e-05,0.1296892285346985,5580,,,,
0.3444564047362756,3.0078394412994385,1.5249169212608295e-05,0.13044931888580322,5600,,,,
0.3444564047362756,,,,5600,0.10605226457118988,7.1363,280.257,17.516
0.3456866061817623,1.3023849725723267,1.5215215432285071e-05,0.13532027006149291,5620,,,,
0.34691680762724897,1.5181958675384521,1.5181178863840284e-05,0.12084727287292481,5640,,,,
0.34814700907273566,1.370141863822937,1.5147060047582116e-05,0.1265310525894165,5660,,,,
0.34937721051822235,1.414914608001709,1.5112859525124378e-05,0.11878787279129029,5680,,,,
0.35060741196370904,2.724215507507324,1.5078577839377913e-05,0.1200679063796997,5700,,,,
0.3518376134091958,1.4129148721694946,1.5044215534541981e-05,0.13030816316604615,5720,,,,
0.35306781485468247,1.7277394533157349,1.5009773156095613e-05,0.1220958948135376,5740,,,,
0.35429801630016916,1.561503291130066,1.4975251250788956e-05,0.12886691093444824,5760,,,,
0.35552821774565585,2.3084945678710938,1.4940650366634602e-05,0.12836480140686035,5780,,,,
0.35675841919114254,4.102460861206055,1.4905971052898864e-05,0.12074548006057739,5800,,,,
0.35798862063662923,1.482485055923462,1.4871213860093094e-05,0.13336803913116455,5820,,,,
0.359218822082116,1.3441575765609741,1.4836379339964901e-05,0.11596376895904541,5840,,,,
0.36044902352760266,1.348819613456726,1.4801468045489435e-05,0.12048475742340088,5860,,,,
0.36167922497308935,1.3767062425613403,1.4766480530860576e-05,0.126883065700531,5880,,,,
0.36290942641857604,2.963770627975464,1.473141735148215e-05,0.11456030607223511,5900,,,,
0.36413962786406273,1.622398853302002,1.4696279063959113e-05,0.12538410425186158,5920,,,,
0.3653698293095494,1.308762788772583,1.4661066226088716e-05,0.11788851022720337,5940,,,,
0.3666000307550361,1.1880282163619995,1.4625779396851645e-05,0.12585134506225587,5960,,,,
0.36783023220052286,1.3256083726882935,1.4590419136403149e-05,0.1273441195487976,5980,,,,
0.36906043364600954,2.9318296909332275,1.4554986006064148e-05,0.12312940359115601,6000,,,,
0.37029063509149623,1.575895071029663,1.4519480568312339e-05,0.13522801399230958,6020,,,,
0.3715208365369829,1.574236273765564,1.4483903386773228e-05,0.12125983238220214,6040,,,,
0.3727510379824696,1.1165698766708374,1.444825502621122e-05,0.12691479921340942,6060,,,,
0.3739812394279563,1.307430624961853,1.4412536052520639e-05,0.12559363842010499,6080,,,,
0.37521144087344305,4.6501946449279785,1.4376747032716747e-05,0.11656612157821655,6100,,,,
0.37644164231892974,1.304280161857605,1.434088853492674e-05,0.13055531978607177,6120,,,,
0.3776718437644164,1.451529860496521,1.4304961128380734e-05,0.11896679401397706,6140,,,,
0.3789020452099031,1.191222071647644,1.4268965383402714e-05,0.123996102809906,6160,,,,
0.3801322466553898,1.433004379272461,1.4232901871401516e-05,0.12206774950027466,6180,,,,
0.3813624481008765,3.2870140075683594,1.419677116486171e-05,0.11842933893203736,6200,,,,
0.38259264954636324,1.5214225053787231,1.4160573837334553e-05,0.12941924333572388,6220,,,,
0.38382285099184993,1.6248058080673218,1.4124310463428853e-05,0.11732006072998047,6240,,,,
0.3850530524373366,1.3076303005218506,1.4087981618801867e-05,0.13255797624588012,6260,,,,
0.3862832538828233,1.190667986869812,1.4051587880150157e-05,0.12505320310592652,6280,,,,
0.38751345532831,2.765015125274658,1.4015129825200436e-05,0.12004969120025635,6300,,,,
0.3887436567737967,1.6077076196670532,1.3978608032700387e-05,0.12833412885665893,6320,,,,
0.38997385821928343,1.6269044876098633,1.3942023082409502e-05,0.12567410469055176,6340,,,,
0.3912040596647701,1.167672872543335,1.3905375555089844e-05,0.1318669319152832,6360,,,,
0.3924342611102568,1.2478227615356445,1.3868666032496858e-05,0.12034199237823487,6380,,,,
0.3936644625557435,5.149020195007324,1.3831895097370115e-05,0.11454765796661377,6400,,,,
0.3936644625557435,,,,6400,0.10262320190668106,6.8779,290.785,18.174
0.3948946640012302,1.4266884326934814,1.3795063333424067e-05,0.1286930561065674,6420,,,,
0.3961248654467169,1.2607438564300537,1.3758171325338803e-05,0.11603251695632935,6440,,,,
0.3973550668922036,1.5418838262557983,1.372121965875072e-05,0.12673300504684448,6460,,,,
0.3985852683376903,1.6807795763015747,1.3684208920243281e-05,0.11978451013565064,6480,,,,
0.399815469783177,2.9163265228271484,1.3647139697337655e-05,0.10708695650100708,6500,,,,
0.4010456712286637,1.2695746421813965,1.3610012578483424e-05,0.12932486534118653,6520,,,,
0.4022758726741504,1.2510230541229248,1.3572828153049236e-05,0.11960978507995605,6540,,,,
0.40350607411963707,1.6330138444900513,1.3535587011313428e-05,0.1256907105445862,6560,,,,
0.4047362755651238,1.3374229669570923,1.3498289744454678e-05,0.11481724977493286,6580,,,,
0.4059664770106105,2.5183844566345215,1.3460936944542622e-05,0.116241192817688,6600,,,,
0.4071966784560972,1.2842940092086792,1.3423529204528433e-05,0.13418159484863282,6620,,,,
0.4084268799015839,1.2550110816955566,1.3386067118235434e-05,0.11398228406906127,6640,,,,
0.4096570813470706,1.383614420890808,1.3348551280349644e-05,0.1282082438468933,6660,,,,
0.41088728279255726,1.1221442222595215,1.331098228641037e-05,0.11321818828582764,6680,,,,
0.412117484238044,3.582327127456665,1.3273360732800728e-05,0.11332833766937256,6700,,,,
0.4133476856835307,1.3775920867919922,1.3235687216738186e-05,0.1259694814682007,6720,,,,
0.4145778871290174,1.9013720750808716,1.319796233626508e-05,0.12461692094802856,6740,,,,
0.4158080885745041,1.227652668952942,1.3160186690239127e-05,0.12655417919158934,6760,,,,
0.41703829001999076,1.5311273336410522,1.3122360878323905e-05,0.12520672082901002,6780,,,,
0.41826849146547745,2.6733663082122803,1.3084485500979357e-05,0.11609697341918945,6800,,,,
0.41949869291096414,1.242472767829895,1.3046561159452224e-05,0.1294749617576599,6820,,,,
0.4207288943564509,1.3926265239715576,1.300858845576654e-05,0.11291329860687256,6840,,,,
0.4219590958019376,1.4495834112167358,1.2970567992714051e-05,0.1163435697555542,6860,,,,
0.42318929724742427,1.542487382888794,1.293250037384465e-05,0.11634159088134766,6880,,,,
0.42441949869291096,3.5113918781280518,1.289438620345679e-05,0.1088413953781128,6900,,,,
0.42564970013839765,1.2943987846374512,1.285622608658792e-05,0.12064666748046875,6920,,,,
0.42687990158388434,1.5041892528533936,1.2818020629004833e-05,0.10898122787475586,6940,,,,
0.4281101030293711,1.7322311401367188,1.2779770437194096e-05,0.12512797117233276,6960,,,,
0.42934030447485777,1.2966009378433228,1.2741476118352391e-05,0.12271664142608643,6980,,,,
0.43057050592034446,2.7478537559509277,1.2703138280376899e-05,0.10735514163970947,7000,,,,
0.43180070736583115,1.5941001176834106,1.2664757531855627e-05,0.12634904384613038,7020,,,,
0.43303090881131784,1.210186243057251,1.2626334482057761e-05,0.11545476913452149,7040,,,,
0.43426111025680453,1.054077386856079,1.2587869740923999e-05,0.12368977069854736,7060,,,,
0.4354913117022913,1.3327343463897705,1.2549363919056856e-05,0.12368141412734986,7080,,,,
0.43672151314777796,1.9715567827224731,1.2510817627710976e-05,0.11497025489807129,7100,,,,
0.43795171459326465,1.3110607862472534,1.2472231478783434e-05,0.12594903707504274,7120,,,,
0.43918191603875134,1.5542900562286377,1.2433606084804012e-05,0.11658912897109985,7140,,,,
0.44041211748423803,1.2509649991989136,1.2394942058925487e-05,0.1198801040649414,7160,,,,
0.4416423189297247,1.4988170862197876,1.235624001491389e-05,0.12098004817962646,7180,,,,
0.44287252037521146,3.7183640003204346,1.2317500567138762e-05,0.11863598823547364,7200,,,,
0.44287252037521146,,,,7200,0.09873326122760773,6.2219,321.447,20.09
0.44410272182069815,1.2600618600845337,1.2278724330563409e-05,0.12880998849868774,7220,,,,
0.44533292326618484,1.4802354574203491,1.223991192073513e-05,0.11374149322509766,7240,,,,
0.44656312471167153,1.1979296207427979,1.2201063953775454e-05,0.11408500671386719,7260,,,,
0.4477933261571582,1.7538647651672363,1.2162181046370361e-05,0.12684974670410157,7280,,,,
0.4490235276026449,2.9167981147766113,1.2123263815760474e-05,0.10668176412582397,7300,,,,
0.45025372904813166,1.1541932821273804,1.2084312879731285e-05,0.12491881847381592,7320,,,,
0.45148393049361835,1.3125848770141602,1.204532885660334e-05,0.11131588220596314,7340,,,,
0.45271413193910504,1.3287097215652466,1.200631236522241e-05,0.11700118780136108,7360,,,,
0.4539443333845917,1.7921615839004517,1.1967264024949687e-05,0.11933319568634033,7380,,,,
0.4551745348300784,1.8502060174942017,1.1928184455651938e-05,0.1080120325088501,7400,,,,
0.4564047362755651,1.0669233798980713,1.1889074277691674e-05,0.12231166362762451,7420,,,,
0.45763493772105185,1.1978665590286255,1.1849934111917299e-05,0.10287948846817016,7440,,,,
0.45886513916653854,1.1903526782989502,1.1810764579653247e-05,0.12686772346496583,7460,,,,
0.4600953406120252,1.1895757913589478,1.1771566302690134e-05,0.11707593202590942,7480,,,,
0.4613255420575119,2.4786603450775146,1.1732339903274879e-05,0.11350183486938477,7500,,,,
0.4625557435029986,1.0486018657684326,1.1693086004100815e-05,0.12930262088775635,7520,,,,
0.4637859449484853,1.280941367149353,1.1653805228297831e-05,0.11041280031204223,7540,,,,
0.465016146393972,1.1681997776031494,1.1614498199422455e-05,0.12578626871109008,7560,,,,
0.46624634783945873,1.0328704118728638,1.1575165541447968e-05,0.11327549219131469,7580,,,,
0.4674765492849454,2.223668336868286,1.1535807878754497e-05,0.1161799430847168,7600,,,,
0.4687067507304321,1.386710524559021,1.1496425836119101e-05,0.12887420654296874,7620,,,,
0.4699369521759188,1.333450198173523,1.1457020038705855e-05,0.11410055160522461,7640,,,,
0.4711671536214055,1.0980724096298218,1.1417591112055928e-05,0.11378965377807618,7660,,,,
0.4723973550668922,1.3892103433609009,1.1378139682077647e-05,0.12060575485229492,7680,,,,
0.4736275565123789,2.189669609069824,1.1338666375036564e-05,0.10879766941070557,7700,,,,
0.4748577579578656,1.6539103984832764,1.1299171817545517e-05,0.11347752809524536,7720,,,,
0.4760879594033523,1.1673144102096558,1.1259656636554685e-05,0.1107019305229187,7740,,,,
0.477318160848839,1.3321144580841064,1.1220121459341624e-05,0.1116514801979065,7760,,,,
0.4785483622943257,1.0016777515411377,1.1180566913501318e-05,0.11562104225158691,7780,,,,
0.47977856373981237,3.1034095287323,1.1140993626936223e-05,0.11382973194122314,7800,,,,
0.4810087651852991,1.164137363433838,1.1101402227846281e-05,0.12798745632171632,7820,,,,
0.4822389666307858,1.0063049793243408,1.1061793344718966e-05,0.10773601531982421,7840,,,,
0.4834691680762725,1.246466875076294,1.1022167606319298e-05,0.11736407279968261,7860,,,,
0.4846993695217592,1.353083610534668,1.098252564167986e-05,0.1133597731590271,7880,,,,
0.48592957096724587,2.4206814765930176,1.0942868080090818e-05,0.11046218872070312,7900,,,,
0.48715977241273256,1.0269477367401123,1.0903195551089936e-05,0.11785972118377686,7920,,,,
0.4883899738582193,1.4291448593139648,1.0863508684452561e-05,0.10662165880203248,7940,,,,
0.489620175303706,1.1675790548324585,1.0823808110181658e-05,0.11642143726348878,7960,,,,
0.4908503767491927,1.0325164794921875,1.0784094458497773e-05,0.10984623432159424,7980,,,,
0.4920805781946794,2.172520160675049,1.0744368359829065e-05,0.10591001510620117,8000,,,,
0.4920805781946794,,,,8000,0.09317535161972046,6.517,306.891,19.181
0.49331077964016606,0.9941357970237732,1.0704630444801271e-05,0.11847003698348998,8020,,,,
0.49454098108565275,1.3277976512908936,1.0664881344227705e-05,0.1095117449760437,8040,,,,
0.4957711825311395,1.3186683654785156,1.0625121689099246e-05,0.11834589242935181,8060,,,,
0.4970013839766262,1.4470996856689453,1.0585352110574328e-05,0.11938061714172363,8080,,,,
0.4982315854221129,2.4401159286499023,1.0545573239968892e-05,0.10602320432662964,8100,,,,
0.49946178686759957,1.1517665386199951,1.0505785708746405e-05,0.12229115962982177,8120,,,,
0.5006919883130863,1.4447102546691895,1.0465990148507804e-05,0.11218514442443847,8140,,,,
0.501922189758573,2.581395149230957,1.0426187190981482e-05,0.11857776641845703,8160,,,,
0.5031523912040596,1.0948482751846313,1.0386377468013269e-05,0.11301532983779908,8180,,,,
0.5043825926495463,2.5460989475250244,1.0346561611556379e-05,0.1071429967880249,8200,,,,
0.505612794095033,0.8363107442855835,1.03067402536614e-05,0.12303433418273926,8220,,,,
0.5068429955405198,1.6715961694717407,1.0266914026466247e-05,0.10523062944412231,8240,,,,
0.5080731969860065,1.4389071464538574,1.0227083562186136e-05,0.1147806167602539,8260,,,,
0.5093033984314932,0.960591733455658,1.0187249493103539e-05,0.11421681642532348,8280,,,,
0.5105335998769799,2.337226152420044,1.0147412451558153e-05,0.11052234172821045,8300,,,,
0.5117638013224666,1.0563994646072388,1.0107573069936867e-05,0.11952513456344604,8320,,,,
0.5129940027679533,0.9750374555587769,1.0067731980663711e-05,0.10806384086608886,8340,,,,
0.51422420421344,1.0269641876220703,1.0027889816189822e-05,0.11542174816131592,8360,,,,
0.5154544056589266,1.244188666343689,9.988047208983406e-06,0.11199818849563599,8380,,,,
0.5166846071044133,2.968517541885376,9.948204791519706e-06,0.1056063413619995,8400,,,,
0.5179148085499,1.0889989137649536,9.908363196270938e-06,0.12086313962936401,8420,,,,
0.5191450099953867,1.0405670404434204,9.868523055696277e-06,0.115195631980896,8440,,,,
0.5203752114408734,1.0952141284942627,9.8286850022318e-06,0.10928398370742798,8460,,,,
0.5216054128863601,1.2546757459640503,9.788849668280458e-06,0.10728516578674316,8480,,,,
0.5228356143318469,3.2371418476104736,9.749017686202025e-06,0.1104961633682251,8500,,,,
0.5240658157773336,0.8225404024124146,9.70918968830307e-06,0.12082282304763795,8520,,,,
0.5252960172228203,1.271546721458435,9.669366306826919e-06,0.10433956384658813,8540,,,,
0.526526218668307,1.3463205099105835,9.629548173943609e-06,0.11861363649368287,8560,,,,
0.5277564201137936,1.1452702283859253,9.58973592173986e-06,0.11668535470962524,8580,,,,
0.5289866215592803,3.3515799045562744,9.549930182209047e-06,0.10270289182662964,8600,,,,
0.530216823004767,1.2150524854660034,9.51013158724115e-06,0.11880635023117066,8620,,,,
0.5314470244502537,1.3258073329925537,9.470340768612742e-06,0.10632947683334351,8640,,,,
0.5326772258957404,1.418201208114624,9.430558357976946e-06,0.1130621075630188,8660,,,,
0.5339074273412271,1.2305084466934204,9.390784986853417e-06,0.10887212753295898,8680,,,,
0.5351376287867138,2.336716651916504,9.351021286618317e-06,0.10935622453689575,8700,,,,
0.5363678302322005,1.218093752861023,9.311267888494285e-06,0.12294845581054688,8720,,,,
0.5375980316776873,1.284899353981018,9.271525423540417e-06,0.10694129467010498,8740,,,,
0.538828233123174,1.1480281352996826,9.231794522642258e-06,0.11425950527191162,8760,,,,
0.5400584345686607,1.2324931621551514,9.192075816501778e-06,0.11428999900817871,8780,,,,
0.5412886360141473,3.251437187194824,9.152369935627367e-06,0.10672154426574706,8800,,,,
0.5412886360141473,,,,8800,0.0924709290266037,6.4702,309.11,19.319
0.542518837459634,1.1531695127487183,9.112677510323816e-06,0.11890950202941894,8820,,,,
0.5437490389051207,1.0397334098815918,9.07299917068232e-06,0.11124241352081299,8840,,,,
0.5449792403506074,1.0040974617004395,9.033335546570484e-06,0.10871156454086303,8860,,,,
0.5462094417960941,1.236676812171936,8.993687267622294e-06,0.11787567138671876,8880,,,,
0.5474396432415808,6.125007629394531,8.95405496322816e-06,0.10539909601211547,8900,,,,
0.5486698446870675,0.9416052103042603,8.914439262524896e-06,0.1113702654838562,8920,,,,
0.5499000461325542,1.5108602046966553,8.874840794385741e-06,0.10572338104248047,8940,,,,
0.5511302475780409,1.5347353219985962,8.835260187410389e-06,0.10770620107650757,8960,,,,
0.5523604490235277,1.3673532009124756,8.79569806991499e-06,0.11283085346221924,8980,,,,
0.5535906504690143,2.322969913482666,8.756155069922193e-06,0.10590577125549316,9000,,,,
0.554820851914501,0.7841830849647522,8.71663181515116e-06,0.11869339942932129,9020,,,,
0.5560510533599877,1.1148045063018799,8.67712893300762e-06,0.10547590255737305,9040,,,,
0.5572812548054744,1.042394757270813,8.6376470505739e-06,0.1115615725517273,9060,,,,
0.5585114562509611,1.119445562362671,8.598186794598962e-06,0.1202002763748169,9080,,,,
0.5597416576964478,2.208500385284424,8.558748791488465e-06,0.10294872522354126,9100,,,,
0.5609718591419345,1.0861668586730957,8.519333667294824e-06,0.12457849979400634,9120,,,,
0.5622020605874212,1.1500685214996338,8.479942047707259e-06,0.1065305233001709,9140,,,,
0.5634322620329079,1.21721613407135,8.440574558041878e-06,0.1127615213394165,9160,,,,
0.5646624634783945,1.1486098766326904,8.40123182323173e-06,0.10876405239105225,9180,,,,
0.5658926649238812,2.7344675064086914,8.361914467816909e-06,0.1071593165397644,9200,,,,
0.567122866369368,1.0469763278961182,8.322623115934624e-06,0.1140890121459961,9220,,,,
0.5683530678148547,1.1891130208969116,8.283358391309294e-06,0.10582576990127564,9240,,,,
0.5695832692603414,1.2593966722488403,8.244120917242647e-06,0.11804463863372802,9260,,,,
0.5708134707058281,1.3408434391021729,8.204911316603826e-06,0.11154637336730958,9280,,,,
0.5720436721513148,2.308990716934204,8.165730211819502e-06,0.10270884037017822,9300,,,,
0.5732738735968015,1.0704371929168701,8.126578224863997e-06,0.11577272415161133,9320,,,,
0.5745040750422882,1.5176433324813843,8.0874559772494e-06,0.11053253412246704,9340,,,,
0.5757342764877749,1.4385472536087036,8.048364090015711e-06,0.10803568363189697,9360,,,,
0.5769644779332616,1.2692147493362427,8.009303183720985e-06,0.10952717065811157,9380,,,,
0.5781946793787482,5.047253608703613,7.970273878431463e-06,0.10522394180297852,9400,,,,
0.5794248808242349,1.245570421218872,7.931276793711748e-06,0.1154494047164917,9420,,,,
0.5806550822697216,1.335925817489624,7.89231254861496e-06,0.10416935682296753,9440,,,,
0.5818852837152083,1.0627363920211792,7.853381761672912e-06,0.11096270084381103,9460,,,,
0.5831154851606951,1.2926957607269287,7.814485050886294e-06,0.11378811597824097,9480,,,,
0.5843456866061818,3.2229533195495605,7.775623033714849e-06,0.10495928525924683,9500,,,,
0.5855758880516685,1.4296965599060059,7.736796327067601e-06,0.11040805578231812,9520,,,,
0.5868060894971552,1.4036545753479004,7.698005547293027e-06,0.10569112300872803,9540,,,,
0.5880362909426419,1.6899538040161133,7.659251310169288e-06,0.1078213095664978,9560,,,,
0.5892664923881286,1.3236628770828247,7.620534230894465e-06,0.11011451482772827,9580,,,,
0.5904966938336152,2.7550275325775146,7.581854924076775e-06,0.10150095224380493,9600,,,,
0.5904966938336152,,,,9600,0.0859762504696846,6.4323,310.933,19.433
0.5917268952791019,1.0329951047897339,7.543214003724817e-06,0.11078330278396606,9620,,,,
0.5929570967245886,1.288345456123352,7.504612083237845e-06,0.10413262844085694,9640,,,,
0.5941872981700753,1.2102240324020386,7.4660497753960015e-06,0.10719532966613769,9660,,,,
0.595417499615562,1.2798478603363037,7.42752769235061e-06,0.11038342714309693,9680,,,,
0.5966477010610487,2.8631904125213623,7.389046445614459e-06,0.1074608564376831,9700,,,,
0.5978779025065355,1.0819038152694702,7.350606646052072e-06,0.11548234224319458,9720,,,,
0.5991081039520222,1.1734598875045776,7.312208903870039e-06,0.10554337501525879,9740,,,,
0.6003383053975089,1.1101030111312866,7.273853828607311e-06,0.10520040988922119,9760,,,,
0.6015685068429956,1.0907753705978394,7.235542029125527e-06,0.10820822715759278,9780,,,,
0.6027987082884823,1.9794551134109497,7.19727411359936e-06,0.09678699970245361,9800,,,,
0.6040289097339689,1.2706966400146484,7.1590506895068424e-06,0.11592302322387696,9820,,,,
0.6052591111794556,1.3202074766159058,7.1208723636197415e-06,0.109333074092865,9840,,,,
0.6064893126249423,0.812127411365509,7.082739741993928e-06,0.10711144208908081,9860,,,,
0.607719514070429,1.0637850761413574,7.044653429959729e-06,0.10717432498931885,9880,,,,
0.6089497155159157,2.420231580734253,7.006614032112355e-06,0.09432290196418762,9900,,,,
0.6101799169614024,1.3968788385391235,6.968622152302269e-06,0.10987166166305543,9920,,,,
0.6114101184068891,1.0283390283584595,6.93067839362563e-06,0.09821581244468688,9940,,,,
0.6126403198523759,1.2641056776046753,6.892783358414695e-06,0.10661332607269287,9960,,,,
0.6138705212978626,1.2640849351882935,6.854937648228274e-06,0.10442657470703125,9980,,,,
0.6151007227433493,3.4932541847229004,6.817141863842171e-06,0.09574856758117675,10000,,,,
0.616330924188836,1.235727310180664,6.77939660523966e-06,0.11434540748596192,10020,,,,
0.6175611256343226,1.1814298629760742,6.7417024716019375e-06,0.10288918018341064,10040,,,,
0.6187913270798093,1.1906503438949585,6.7040600612986365e-06,0.11565145254135131,10060,,,,
0.620021528525296,1.0892465114593506,6.666469971878305e-06,0.10575904846191406,10080,,,,
0.6212517299707827,1.8188247680664062,6.628932800058941e-06,0.10909932851791382,10100,,,,
0.6224819314162694,0.9790439009666443,6.591449141718509e-06,0.10771433115005494,10120,,,,
0.6237121328617561,1.067418098449707,6.554019591885472e-06,0.10399129390716552,10140,,,,
0.6249423343072428,1.0986007452011108,6.516644744729368e-06,0.1138614296913147,10160,,,,
0.6261725357527295,1.0145337581634521,6.479325193551364e-06,0.10646767616271972,10180,,,,
0.6274027371982162,3.1305055618286133,6.442061530774835e-06,0.09904451370239258,10200,,,,
0.628632938643703,0.9431475400924683,6.40485434793597e-06,0.11452512741088867,10220,,,,
0.6298631400891896,0.777093231678009,6.3677042356743655e-06,0.10246182680130005,10240,,,,
0.6310933415346763,1.324328064918518,6.330611783723673e-06,0.10589916706085205,10260,,,,
0.632323542980163,0.940305769443512,6.293577580902217e-06,0.10607084035873413,10280,,,,
0.6335537444256497,2.998041868209839,6.256602215103655e-06,0.09424179196357726,10300,,,,
0.6347839458711364,1.5931459665298462,6.219686273287653e-06,0.1136448860168457,10320,,,,
0.6360141473166231,1.0453771352767944,6.182830341470545e-06,0.09888057708740235,10340,,,,
0.6372443487621098,1.1063138246536255,6.146035004716062e-06,0.1069643497467041,10360,,,,
0.6384745502075965,1.0826377868652344,6.109300847126023e-06,0.10635132789611816,10380,,,,
0.6397047516530832,1.9572066068649292,6.072628451831062e-06,0.09489519000053406,10400,,,,
0.6397047516530832,,,,10400,0.08285020291805267,6.4302,311.03,19.439
0.6409349530985698,1.0452864170074463,6.036018400981385e-06,0.11018787622451783,10420,,,,
0.6421651545440565,1.2232763767242432,5.999471275737514e-06,0.10366768836975097,10440,,,,
0.6433953559895433,1.0087639093399048,5.962987656261075e-06,0.10843236446380615,10460,,,,
0.64462555743503,1.0225225687026978,5.926568121705573e-06,0.10102746486663819,10480,,,,
0.6458557588805167,3.1822338104248047,5.890213250207215e-06,0.09997904896736146,10500,,,,
0.6470859603260034,0.871275007724762,5.8539236188757235e-06,0.11643551588058472,10520,,,,
0.6483161617714901,1.119325876235962,5.817699803785174e-06,0.09830825328826905,10540,,,,
0.6495463632169768,1.004127025604248,5.781542379964852e-06,0.10248352289199829,10560,,,,
0.6507765646624635,1.0799739360809326,5.74545192139012e-06,0.10164215564727783,10580,,,,
0.6520067661079502,1.7986069917678833,5.709429000973327e-06,0.09490475654602051,10600,,,,
0.6532369675534369,0.9160008430480957,5.673474190554684e-06,0.11092398166656495,10620,,,,
0.6544671689989235,1.1890954971313477,5.637588060893204e-06,0.0984149694442749,10640,,,,
0.6556973704444102,0.851703405380249,5.601771181657634e-06,0.10052779912948609,10660,,,,
0.6569275718898969,1.023924708366394,5.566024121417431e-06,0.1031404972076416,10680,,,,
0.6581577733353837,2.0936737060546875,5.5303474476336985e-06,0.09810216426849365,10700,,,,
0.6593879747808704,1.3129806518554688,5.494741726650225e-06,0.11656951904296875,10720,,,,
0.6606181762263571,0.9971548318862915,5.459207523684453e-06,0.09807792901992798,10740,,,,
0.6618483776718438,1.180351972579956,5.42374540281853e-06,0.1097745418548584,10760,,,,
0.6630785791173305,1.2845185995101929,5.388355926990342e-06,0.100342857837677,10780,,,,
0.6643087805628172,2.201185703277588,5.353039657984594e-06,0.09121832847595215,10800,,,,
0.6655389820083039,1.295535683631897,5.3177971564238676e-06,0.10988130569458007,10820,,,,
0.6667691834537905,0.9454547166824341,5.282628981759748e-06,0.10073697566986084,10840,,,,
0.6679993848992772,1.0904430150985718,5.2475356922639164e-06,0.10732752084732056,10860,,,,
0.6692295863447639,1.2948944568634033,5.212517845019311e-06,0.10728251934051514,10880,,,,
0.6704597877902506,2.227004289627075,5.177575995911264e-06,0.09903160333633423,10900,,,,
0.6716899892357373,0.9855440258979797,5.1427106996187015e-06,0.10766856670379639,10920,,,,
0.672920190681224,1.2075624465942383,5.107922509605312e-06,0.09668943285942078,10940,,,,
0.6741503921267108,1.2996693849563599,5.073211978110773e-06,0.10238809585571289,10960,,,,
0.6753805935721975,1.132592797279358,5.038579656141991e-06,0.10698212385177612,10980,,,,
0.6766107950176842,2.2159342765808105,5.004026093464338e-06,0.09395755529403686,11000,,,,
0.6778409964631709,0.8637875318527222,4.969551838592943e-06,0.11403862237930298,11020,,,,
0.6790711979086576,0.9060543775558472,4.935157438783977e-06,0.0991339385509491,11040,,,,
0.6803013993541442,1.0376291275024414,4.9008434400259545e-06,0.10368003845214843,11060,,,,
0.6815316007996309,1.1481432914733887,4.866610387031081e-06,0.10162497758865356,11080,,,,
0.6827618022451176,1.9219942092895508,4.8324588232265975e-06,0.0953730046749115,11100,,,,
0.6839920036906043,1.1781163215637207,4.79838929074617e-06,0.10593366622924805,11120,,,,
0.685222205136091,1.3542544841766357,4.7644023304212586e-06,0.10027084350585938,11140,,,,
0.6864524065815777,1.341033697128296,4.730498481772543e-06,0.10382825136184692,11160,,,,
0.6876826080270644,1.420942783355713,4.696678283001373e-06,0.10880059003829956,11180,,,,
0.6889128094725512,2.0673704147338867,4.662942270981201e-06,0.09977114200592041,11200,,,,
0.6889128094725512,,,,11200,0.08125664293766022,5.9848,334.181,20.886
0.6901430109180379,1.4873725175857544,4.629290981249068e-06,0.10644658803939819,11220,,,,
0.6913732123635246,1.0840940475463867,4.595724947997114e-06,0.09651598930358887,11240,,,,
0.6926034138090112,1.0846474170684814,4.562244704064083e-06,0.10211176872253418,11260,,,,
0.6938336152544979,0.9092046022415161,4.528850780926868e-06,0.10037709474563598,11280,,,,
0.6950638166999846,2.751987934112549,4.495543708692075e-06,0.09282207489013672,11300,,,,
0.6962940181454713,0.9459238052368164,4.462324016087615e-06,0.11115846633911133,11320,,,,
0.697524219590958,1.1456857919692993,4.429192230454307e-06,0.09064204096794129,11340,,,,
0.6987544210364447,1.0450502634048462,4.396148877737492e-06,0.10552873611450195,11360,,,,
0.6999846224819314,0.8958659768104553,4.363194482478708e-06,0.101951003074646,11380,,,,
0.7012148239274181,2.3730878829956055,4.330329567807345e-06,0.09384475350379944,11400,,,,
0.7024450253729048,0.8228757977485657,4.297554655432347e-06,0.10812939405441284,11420,,,,
0.7036752268183916,1.2976452112197876,4.264870265633941e-06,0.09524639844894409,11440,,,,
0.7049054282638783,1.0419912338256836,4.232276917255356e-06,0.10046013593673705,11460,,,,
0.7061356297093649,2.0389063358306885,4.199775127694598e-06,0.0962178349494934,11480,,,,
0.7073658311548516,1.6113243103027344,4.1673654128962485e-06,0.09062448143959045,11500,,,,
0.7085960326003383,1.1078455448150635,4.135048287343253e-06,0.10642622709274292,11520,,,,
0.709826234045825,1.2222297191619873,4.10282426404876e-06,0.10059928894042969,11540,,,,
0.7110564354913117,1.1124521493911743,4.070693854547997e-06,0.09852031469345093,11560,,,,
0.7122866369367984,1.1033235788345337,4.038657568890115e-06,0.0969142735004425,11580,,,,
0.7135168383822851,4.001325607299805,4.006715915630124e-06,0.10043647289276122,11600,,,,
0.7147470398277718,0.9217508435249329,3.974869401820795e-06,0.11137821674346923,11620,,,,
0.7159772412732585,1.1137782335281372,3.94311853300464e-06,0.09946056008338929,11640,,,,
0.7172074427187451,1.1419843435287476,3.911463813205849e-06,0.10041497945785523,11660,,,,
0.718437644164232,1.0433863401412964,3.879905744922329e-06,0.09966816306114197,11680,,,,
0.7196678456097186,1.5522770881652832,3.848444829117694e-06,0.09796677231788635,11700,,,,
0.7208980470552053,1.1503623723983765,3.81708156521333e-06,0.11348257064819336,11720,,,,
0.722128248500692,1.1998322010040283,3.7858164510804595e-06,0.09678258299827576,11740,,,,
0.7233584499461787,0.893986701965332,3.7546499830322556e-06,0.10504379272460937,11760,,,,
0.7245886513916654,1.2772033214569092,3.723582655815935e-06,0.10191226005554199,11780,,,,
0.7258188528371521,2.4352285861968994,3.6926149626049233e-06,0.09402607083320617,11800,,,,
0.7270490542826388,1.0798046588897705,3.6617473949910186e-06,0.10428727865219116,11820,,,,
0.7282792557281255,1.0629780292510986,3.6309804429765994e-06,0.09258087277412415,11840,,,,
0.7295094571736122,0.9843834042549133,3.6003145949668338e-06,0.10027148723602294,11860,,,,
0.7307396586190988,1.0102940797805786,3.569750337761928e-06,0.10647293329238891,11880,,,,
0.7319698600645855,1.2932626008987427,3.5392881565494e-06,0.09246426820755005,11900,,,,
0.7332000615100722,1.1011230945587158,3.5089285348963798e-06,0.10557535886764527,11920,,,,
0.734430262955559,1.0902974605560303,3.47867195474193e-06,0.09659024477005004,11940,,,,
0.7356604644010457,1.0571386814117432,3.448518896389407e-06,0.09952229857444764,11960,,,,
0.7368906658465324,1.1100244522094727,3.4184698384988093e-06,0.10350242853164673,11980,,,,
0.7381208672920191,3.573833703994751,3.388525258079214e-06,0.09595651626586914,12000,,,,
0.7381208672920191,,,,12000,0.07793489843606949,7.2962,274.114,17.132
0.7393510687375058,0.957086980342865,3.3586856304811756e-06,0.10744264125823974,12020,,,,
0.7405812701829925,1.3488249778747559,3.3289514293891944e-06,0.09262809753417969,12040,,,,
0.7418114716284792,0.9650687575340271,3.299323126814191e-06,0.10097554922103882,12060,,,,
0.7430416730739658,1.279982566833496,3.2698011930860264e-06,0.10223493576049805,12080,,,,
0.7442718745194525,4.578261852264404,3.2403860968460164e-06,0.0964136004447937,12100,,,,
0.7455020759649392,1.0400559902191162,3.2110783050395035e-06,0.09973008036613465,12120,,,,
0.7467322774104259,1.090378999710083,3.1818782829084426e-06,0.09690308570861816,12140,,,,
0.7479624788559126,1.1856595277786255,3.1527864939840203e-06,0.0978792130947113,12160,,,,
0.7491926803013994,1.3106430768966675,3.1238034000792917e-06,0.09965645670890808,12180,,,,
0.7504228817468861,2.252959728240967,3.0949294612818437e-06,0.09764382243156433,12200,,,,
0.7516530831923728,0.933399498462677,3.0661651359465015e-06,0.10731770992279052,12220,,,,
0.7528832846378595,1.063172698020935,3.037510880688048e-06,0.1024821400642395,12240,,,,
0.7541134860833462,1.0648219585418701,3.0089671503739726e-06,0.0983201801776886,12260,,,,
0.7553436875288329,1.4667658805847168,2.980534398117263e-06,0.10553107261657715,12280,,,,
0.7565738889743195,2.523437976837158,2.9522130752691947e-06,0.09372496604919434,12300,,,,
0.7578040904198062,1.1375433206558228,2.9240036314121735e-06,0.09660598039627075,12320,,,,
0.7590342918652929,0.8733463883399963,2.895906514352609e-06,0.09399358630180359,12340,,,,
0.7602644933107796,1.2823987007141113,2.8679221701137847e-06,0.09817847609519958,12360,,,,
0.7614946947562663,1.163327932357788,2.840051042928803e-06,0.09878054857254029,12380,,,,
0.762724896201753,1.9355907440185547,2.8122935752335078e-06,0.09277604818344116,12400,,,,
0.7639550976472398,1.0703489780426025,2.7846502076594796e-06,0.1092262625694275,12420,,,,
0.7651852990927265,1.1249626874923706,2.75712137902703e-06,0.09900835752487183,12440,,,,
0.7664155005382132,1.0132540464401245,2.729707526338242e-06,0.09894300103187562,12460,,,,
0.7676457019836999,1.265026330947876,2.7024090847700348e-06,0.0935666799545288,12480,,,,
0.7688759034291865,2.155529499053955,2.6752264876672505e-06,0.09620475769042969,12500,,,,
0.7701061048746732,0.8443242907524109,2.6481601665357725e-06,0.10268679857254029,12520,,,,
0.7713363063201599,1.1591989994049072,2.6212105510356824e-06,0.09795915484428405,12540,,,,
0.7725665077656466,1.0614444017410278,2.5943780689744336e-06,0.09708566665649414,12560,,,,
0.7737967092111333,1.088010549545288,2.5676631463000635e-06,0.10512089729309082,12580,,,,
0.77502691065662,2.840937376022339,2.541066207094439e-06,0.08882666230201722,12600,,,,
0.7762571121021067,1.051421046257019,2.5145876735665076e-06,0.10028325319290161,12620,,,,
0.7774873135475934,1.1417410373687744,2.4882279660456044e-06,0.09461629986763001,12640,,,,
0.7787175149930801,1.1428513526916504,2.461987502974791e-06,0.10589944124221802,12660,,,,
0.7799477164385669,0.849346935749054,2.435866700904185e-06,0.09699357151985169,12680,,,,
0.7811779178840536,2.0186638832092285,2.409865974484381e-06,0.09091961979866028,12700,,,,
0.7824081193295402,1.0247706174850464,2.3839857364598384e-06,0.1031654953956604,12720,,,,
0.7836383207750269,0.9579105377197266,2.3582263976623477e-06,0.09207074642181397,12740,,,,
0.7848685222205136,1.118927001953125,2.3325883670045047e-06,0.10109683275222778,12760,,,,
0.7860987236660003,1.031428337097168,2.3070720514732113e-06,0.0978335201740265,12780,,,,
0.787328925111487,1.9317952394485474,2.281677856123232e-06,0.08826406002044677,12800,,,,
0.787328925111487,,,,12800,0.0766371339559555,7.316,273.373,17.086
0.7885591265569737,0.929276168346405,2.25640618407075e-06,0.10030202865600586,12820,,,,
0.7897893280024604,1.3468950986862183,2.2312574364869668e-06,0.09074355363845825,12840,,,,
0.7910195294479471,1.1132395267486572,2.2062320125917425e-06,0.09395577311515808,12860,,,,
0.7922497308934338,1.090421199798584,2.1813303096472517e-06,0.09774167537689209,12880,,,,
0.7934799323389204,3.6020236015319824,2.156552722951687e-06,0.09579643011093139,12900,,,,
0.7947101337844072,0.9878478646278381,2.131899645832971e-06,0.10506608486175537,12920,,,,
0.7959403352298939,1.2214725017547607,2.1073714696425186e-06,0.09679082036018372,12940,,,,
0.7971705366753806,1.1589951515197754,2.0829685837490256e-06,0.10194518566131591,12960,,,,
0.7984007381208673,0.9924784898757935,2.0586913755322857e-06,0.0967829167842865,12980,,,,
0.799630939566354,2.2989983558654785,2.0345402303770446e-06,0.08941721320152282,13000,,,,
0.8008611410118407,1.0518022775650024,2.010515531666881e-06,0.0978112518787384,13020,,,,
0.8020913424573274,1.040102481842041,1.9866176607781127e-06,0.09080904722213745,13040,,,,
0.8033215439028141,0.9887112975120544,1.962846997073755e-06,0.09415684938430786,13060,,,,
0.8045517453483008,0.7186558842658997,1.9392039178974887e-06,0.09517301321029663,13080,,,,
0.8057819467937875,3.9503252506256104,1.9156887985676742e-06,0.09794870018959045,13100,,,,
0.8070121482392741,1.3359277248382568,1.8923020123713987e-06,0.1010472297668457,13120,,,,
0.8082423496847608,1.3456041812896729,1.8690439305585362e-06,0.0939225971698761,13140,,,,
0.8094725511302476,1.0838016271591187,1.8459149223358751e-06,0.09930520057678223,13160,,,,
0.8107027525757343,1.214156150817871,1.8229153548612345e-06,0.0998119056224823,13180,,,,
0.811932954021221,2.5489940643310547,1.800045593237647e-06,0.09522917866706848,13200,,,,
0.8131631554667077,0.9454034566879272,1.7773060005075738e-06,0.10215322971343994,13220,,,,
0.8143933569121944,1.1630760431289673,1.7546969376471168e-06,0.0934087097644806,13240,,,,
0.8156235583576811,1.4409984350204468,1.7322187635603094e-06,0.10635111331939698,13260,,,,
0.8168537598031678,0.8320255279541016,1.70987183507341e-06,0.1006128191947937,13280,,,,
0.8180839612486545,4.286223411560059,1.6876565069292362e-06,0.09124285578727723,13300,,,,
0.8193141626941411,1.0091668367385864,1.6655731317815417e-06,0.10479073524475098,13320,,,,
0.8205443641396278,1.0004154443740845,1.6436220601894137e-06,0.09486194849014282,13340,,,,
0.8217745655851145,1.296897053718567,1.621803640611701e-06,0.10232025384902954,13360,,,,
0.8230047670306012,1.0032483339309692,1.600118219401494e-06,0.09532909393310547,13380,,,,
0.824234968476088,2.431319236755371,1.578566140800618e-06,0.08920736908912659,13400,,,,
0.8254651699215747,0.9907541275024414,1.5571477469341711e-06,0.10184376239776612,13420,,,,
0.8266953713670614,1.1870115995407104,1.5358633778051012e-06,0.09526700973510742,13440,,,,
0.8279255728125481,1.1932752132415771,1.514713371288794e-06,0.09779564142227173,13460,,,,
0.8291557742580348,1.005280613899231,1.4936980631277176e-06,0.09561754465103149,13480,,,,
0.8303859757035215,1.754138708114624,1.4728177869260984e-06,0.08776451349258423,13500,,,,
0.8316161771490082,0.9719887375831604,1.4520728741446087e-06,0.10324220657348633,13520,,,,
0.8328463785944948,0.9595455527305603,1.4314636540951288e-06,0.09298778772354126,13540,,,,
0.8340765800399815,1.2783933877944946,1.4109904539354936e-06,0.09492885470390319,13560,,,,
0.8353067814854682,1.0423526763916016,1.3906535986643177e-06,0.09531770348548889,13580,,,,
0.8365369829309549,1.711089015007019,1.3704534111158285e-06,0.09093495607376098,13600,,,,
0.8365369829309549,,,,13600,0.07567849010229111,7.282,274.65,17.166
0.8377671843764416,1.177465558052063,1.3503902119547408e-06,0.1019356369972229,13620,,,,
0.8389973858219283,1.536169171333313,1.3304643196711742e-06,0.09369488954544067,13640,,,,
0.8402275872674151,1.2207834720611572,1.31067605057559e-06,0.10045725107192993,13660,,,,
0.8414577887129018,0.9007380604743958,1.291025718793768e-06,0.09418195486068726,13680,,,,
0.8426879901583885,2.985353708267212,1.2715136362618273e-06,0.0892661988735199,13700,,,,
0.8439181916038752,1.0271095037460327,1.2521401127212673e-06,0.10468748807907105,13720,,,,
0.8451483930493618,1.156814694404602,1.2329054557140618e-06,0.09466236233711242,13740,,,,
0.8463785944948485,1.026915192604065,1.2138099705777606e-06,0.0991226851940155,13760,,,,
0.8476087959403352,1.3346740007400513,1.1948539604406562e-06,0.09497717022895813,13780,,,,
0.8488389973858219,2.958940267562866,1.1760377262169653e-06,0.0899512529373169,13800,,,,
0.8500691988313086,1.028226613998413,1.1573615666020577e-06,0.10567830801010132,13820,,,,
0.8512994002767953,1.107491135597229,1.1388257780677026e-06,0.09295733571052552,13840,,,,
0.852529601722282,1.331268072128296,1.1204306548573817e-06,0.10279964208602906,13860,,,,
0.8537598031677687,0.9278798699378967,1.1021764889815977e-06,0.09507572650909424,13880,,,,
0.8549900046132555,2.2517971992492676,1.0840635702132519e-06,0.08578900694847107,13900,,,,
0.8562202060587422,0.9305247664451599,1.0660921860830398e-06,0.10024782419204711,13920,,,,
0.8574504075042289,1.1750322580337524,1.0482626218748836e-06,0.09045403599739074,13940,,,,
0.8586806089497155,1.1294962167739868,1.0305751606214164e-06,0.09949201941490174,13960,,,,
0.8599108103952022,0.996059000492096,1.0130300830994743e-06,0.09334848523139953,13980,,,,
0.8611410118406889,2.46869158744812,9.95627667825646e-07,0.08267032504081726,14000,,,,
0.8623712132861756,1.0970808267593384,9.783681910518483e-07,0.0974250853061676,14020,,,,
0.8636014147316623,1.0455940961837769,9.612519267609455e-07,0.0923006534576416,14040,,,,
0.864831616177149,1.0820246934890747,9.442791466624002e-07,0.1011783242225647,14060,,,,
0.8660618176226357,1.0374271869659424,9.274501201879527e-07,0.09809336066246033,14080,,,,
0.8672920190681224,3.006350517272949,9.10765114487353e-07,0.09002864956855774,14100,,,,
0.8685222205136091,0.9419953227043152,8.942243944241125e-07,0.10037778615951538,14120,,,,
0.8697524219590959,1.044092059135437,8.77828222571303e-07,0.09074813723564149,14140,,,,
0.8709826234045825,1.0861386060714722,8.615768592073914e-07,0.09520955085754394,14160,,,,
0.8722128248500692,0.9224658608436584,8.454705623121063e-07,0.09301092624664306,14180,,,,
0.8734430262955559,1.2252920866012573,8.295095875623337e-07,0.08810662627220153,14200,,,,
0.8746732277410426,1.1332286596298218,8.136941883280736e-07,0.09942906498908996,14220,,,,
0.8759034291865293,1.1409661769866943,7.980246156684035e-07,0.09840973615646362,14240,,,,
0.877133630632016,1.0660268068313599,7.825011183275066e-07,0.09705380201339722,14260,,,,
0.8783638320775027,1.0650311708450317,7.671239427307132e-07,0.09004603028297424,14280,,,,
0.8795940335229894,2.1460752487182617,7.518933329805877e-07,0.09058411717414856,14300,,,,
0.8808242349684761,1.1675776243209839,7.368095308530676e-07,0.0993852972984314,14320,,,,
0.8820544364139628,1.1063731908798218,7.218727757936072e-07,0.09356416463851928,14340,,,,
0.8832846378594494,1.146620273590088,7.070833049133874e-07,0.09620925784111023,14360,,,,
0.8845148393049361,1.0081309080123901,6.924413529855533e-07,0.09237084388732911,14380,,,,
0.8857450407504229,2.3748550415039062,6.779471524414783e-07,0.08571114540100097,14400,,,,
0.8857450407504229,,,,14400,0.0752149149775505,6.1648,324.423,20.276
0.8869752421959096,0.9834061861038208,6.636009333670812e-07,0.10225704908370972,14420,,,,
0.8882054436413963,0.9527902007102966,6.494029234991728e-07,0.09299046397209168,14440,,,,
0.889435645086883,1.343626856803894,6.353533482218388e-07,0.09815902709960937,14460,,,,
0.8906658465323697,1.0879875421524048,6.214524305628655e-07,0.09962254166603088,14480,,,,
0.8918960479778564,2.3294012546539307,6.077003911901969e-07,0.09143271446228027,14500,,,,
0.8931262494233431,1.033664584159851,5.940974484084295e-07,0.1060714840888977,14520,,,,
0.8943564508688298,1.4851166009902954,5.806438181553508e-07,0.08825490474700928,14540,,,,
0.8955866523143164,0.9845618009567261,5.673397139985082e-07,0.09138580560684204,14560,,,,
0.8968168537598031,0.6995747685432434,5.541853471318248e-07,0.09941316843032837,14580,,,,
0.8980470552052898,1.1766232252120972,5.411809263722379e-07,0.08705804347991944,14600,,,,
0.8992772566507765,1.1714675426483154,5.283266581563883e-07,0.10677051544189453,14620,,,,
0.9005074580962633,1.3046362400054932,5.15622746537352e-07,0.08938677310943603,14640,,,,
0.90173765954175,0.9173829555511475,5.030693931813812e-07,0.09822505712509155,14660,,,,
0.9029678609872367,1.069866418838501,4.906667973647217e-07,0.0956739604473114,14680,,,,
0.9041980624327234,3.803541660308838,4.78415155970442e-07,0.0900071918964386,14700,,,,
0.9054282638782101,1.273051142692566,4.6631466348530665e-07,0.10167229175567627,14720,,,,
0.9066584653236968,0.7991588115692139,4.543655119966894e-07,0.09379449486732483,14740,,,,
0.9078886667691835,0.9107941389083862,4.425678911895259e-07,0.09669283628463746,14760,,,,
0.9091188682146701,1.0907717943191528,4.309219883433036e-07,0.09238325357437134,14780,,,,
0.9103490696601568,2.431270122528076,4.1942798832908416e-07,0.08879610300064086,14800,,,,
0.9115792711056435,0.8737084865570068,4.0808607360657506e-07,0.10344659090042115,14820,,,,
0.9128094725511302,1.2205651998519897,3.9689642422122585e-07,0.09141826629638672,14840,,,,
0.9140396739966169,0.9084034562110901,3.8585921780137645e-07,0.09630684852600098,14860,,,,
0.9152698754421037,1.0980039834976196,3.749746295554302e-07,0.09553179740905762,14880,,,,
0.9165000768875904,2.5220787525177,3.642428322690839e-07,0.09229970574378968,14900,,,,
0.9177302783330771,1.0727837085723877,3.536639963025745e-07,0.10250693559646606,14920,,,,
0.9189604797785638,1.1243305206298828,3.432382895879771e-07,0.0913114845752716,14940,,,,
0.9201906812240505,1.19786536693573,3.329658776265421e-07,0.09682438373565674,14960,,,,
0.9214208826695371,1.0304243564605713,3.228469234860687e-07,0.09413752555847169,14980,,,,
0.9226510841150238,1.3041727542877197,3.1288158779830824e-07,0.08320401310920715,15000,,,,
0.9238812855605105,1.0631606578826904,3.0307002875642697e-07,0.09797734022140503,15020,,,,
0.9251114870059972,1.0727827548980713,2.934124021124807e-07,0.09302341938018799,15040,,,,
0.9263416884514839,1.0615004301071167,2.839088611749552e-07,0.09700577259063721,15060,,,,
0.9275718898969706,1.3123098611831665,2.7455955680632197e-07,0.0952040433883667,15080,,,,
0.9288020913424573,4.266566753387451,2.653646374206531e-07,0.09152737855911255,15100,,,,
0.930032292787944,0.8187297582626343,2.5632424898125565e-07,0.09884907603263855,15120,,,,
0.9312624942334308,1.0648690462112427,2.4743853499836436e-07,0.09743533730506897,15140,,,,
0.9324926956789175,1.2172609567642212,2.387076365268537e-07,0.10285314321517944,15160,,,,
0.9337228971244041,0.9688348770141602,2.3013169216400732e-07,0.0955643892288208,15180,,,,
0.9349530985698908,2.708509683609009,2.2171083804731096e-07,0.09226034879684449,15200,,,,
0.9349530985698908,,,,15200,0.07467520982027054,7.1372,280.222,17.514
0.9361833000153775,0.8492686748504639,2.134452078522975e-07,0.09697561860084533,15220,,,,
0.9374135014608642,1.1236259937286377,2.0533493279041972e-07,0.09898494482040406,15240,,,,
0.9386437029063509,1.0422316789627075,1.9738014160697094e-07,0.09765297174453735,15260,,,,
0.9398739043518376,0.8587243556976318,1.8958096057903775e-07,0.09238975048065186,15280,,,,
0.9411041057973243,1.859192132949829,1.8193751351350041e-07,0.08833948373794556,15300,,,,
0.942334307242811,0.9420689940452576,1.7444992174506348e-07,0.1028211236000061,15320,,,,
0.9435645086882977,1.1094772815704346,1.6711830413433272e-07,0.0901190459728241,15340,,,,
0.9447947101337844,1.315830945968628,1.5994277706592452e-07,0.09728135466575623,15360,,,,
0.9460249115792712,0.925682783126831,1.5292345444661848e-07,0.09744300246238709,15380,,,,
0.9472551130247578,1.8526774644851685,1.4606044770355542e-07,0.08809527158737182,15400,,,,
0.9484853144702445,1.38877272605896,1.3935386578246223e-07,0.09779905676841735,15420,,,,
0.9497155159157312,1.0550785064697266,1.3280381514592434e-07,0.08891061544418336,15440,,,,
0.9509457173612179,1.0937281847000122,1.264103997716959e-07,0.09759722352027893,15460,,,,
0.9521759188067046,1.1602487564086914,1.2017372115104897e-07,0.09370689392089844,15480,,,,
0.9534061202521913,2.5107595920562744,1.1409387828716367e-07,0.09396098852157593,15500,,,,
0.954636321697678,0.8457293510437012,1.0817096769355273e-07,0.10458301305770874,15520,,,,
0.9558665231431647,0.9797006249427795,1.0240508339253608e-07,0.09431839585304261,15540,,,,
0.9570967245886514,1.109645962715149,9.67963169137398e-08,0.0947171151638031,15560,,,,
0.958326926034138,0.9804036617279053,9.13447572926518e-08,0.095549476146698,15580,,,,
0.9595571274796247,1.3568391799926758,8.605049106920061e-08,0.08620219826698303,15600,,,,
0.9607873289251115,1.5012502670288086,8.091360228638767e-08,0.10227072238922119,15620,,,,
0.9620175303705982,1.222238540649414,7.593417248895285e-08,0.08748805522918701,15640,,,,
0.9632477318160849,0.9135855436325073,7.111228072207321e-08,0.09544885754585267,15660,,,,
0.9644779332615716,1.1466692686080933,6.644800353011627e-08,0.0909005880355835,15680,,,,
0.9657081347070583,2.5612189769744873,6.194141495541983e-08,0.08185200095176696,15700,,,,
0.966938336152545,2.2116098403930664,5.759258653711852e-08,0.09871149063110352,15720,,,,
0.9681685375980317,0.9893578886985779,5.340158731001133e-08,0.09471839070320129,15740,,,,
0.9693987390435184,1.0919766426086426,4.9368483803458046e-08,0.09495917558670045,15760,,,,
0.970628940489005,1.0524543523788452,4.549334004033012e-08,0.08993858098983765,15780,,,,
0.9718591419344917,2.6196882724761963,4.177621753599037e-08,0.08741942048072815,15800,,,,
0.9730893433799784,1.1451363563537598,3.8217175297319275e-08,0.10085763931274414,15820,,,,
0.9743195448254651,1.125747799873352,3.4816269821774665e-08,0.09290000796318054,15840,,,,
0.9755497462709519,1.1350538730621338,3.157355509650129e-08,0.10221829414367675,15860,,,,
0.9767799477164386,1.1832365989685059,2.8489082597463746e-08,0.09672805070877075,15880,,,,
0.9780101491619253,2.3679471015930176,2.5562901288640473e-08,0.08329645991325378,15900,,,,
0.979240350607412,1.0389659404754639,2.279505762123657e-08,0.09909257888793946,15920,,,,
0.9804705520528987,1.2887877225875854,2.0185595532955516e-08,0.08989794850349427,15940,,,,
0.9817007534983854,1.0781089067459106,1.773455644729527e-08,0.10231173038482666,15960,,,,
0.9829309549438721,1.1556988954544067,1.5441979272889928e-08,0.09482821226119995,15980,,,,
0.9841611563893587,2.682368040084839,1.3307900402899088e-08,0.09166432023048401,16000,,,,
0.9841611563893587,,,,16000,0.07462137192487717,6.7716,295.35,18.459
0.9853913578348454,1.2704533338546753,1.1332353714423871e-08,0.1000645637512207,16020,,,,
0.9866215592803321,1.1698375940322876,9.515370567970695e-09,0.09273296594619751,16040,,,,
0.9878517607258188,0.8819733262062073,7.85697980695499e-09,0.0939147412776947,16060,,,,
0.9890819621713055,0.816917896270752,6.3572077572404686e-09,0.09797945618629456,16080,,,,
0.9903121636167922,2.362358570098877,5.016078226723897e-09,0.0835489809513092,16100,,,,
0.991542365062279,0.9841019511222839,3.833612504957618e-09,0.09887095689773559,16120,,,,
0.9927725665077657,1.0853214263916016,2.809829362806493e-09,0.09510456919670104,16140,,,,
0.9940027679532524,1.0398348569869995,1.944745052158137e-09,0.09925473928451538,16160,,,,
0.9952329693987391,1.5168572664260864,1.2383733056564595e-09,0.09798345565795899,16180,,,,
0.9964631708442258,2.0796592235565186,6.907253364907274e-10,0.09014246463775635,16200,,,,
0.9976933722897124,1.0613306760787964,3.018098382112644e-10,0.09980681538581848,16220,,,,
0.9989235737351991,3.956153154373169,7.163298459844648e-11,0.08973243832588196,16240,,,,
1.0,,,,16258,0.0746259093284607,7.2932,274.229,17.139
